Unnamed: 0,rct_1_smi,rct_2_smi,sol_smi,base_smi,metal,lig_smi,temperature,coord_atoms,ee,yield,ddG,doi,Unnamed: 13
0,Cc1ccc2ccccc2c1Br,Cc1ccc2ccccc2c1B(O)O,Cc1ccccc1.O,O=P([O-])([O-])[O-].[K+].[K+].[K+],Pd,COc1ccccc1C12[C@@H]3C4C5C1(P(C1CCCCC1)C1CCCCC1)[Fe]45321678C2C1C6C7C28,70,P,0.43,0.62,0.627780776,doi.org/10.1021/ol034943n,
1,Cc1ccc2ccccc2c1Br,Cc1ccc2ccccc2c1B(O)O,COCCOC.O,[Cs+].[F-],Pd,COc1ccccc1C12[C@@H]3C4C5C1(P(C1CCCCC1)C1CCCCC1)[Fe]45321678C2C1C6C7C28,70,P,0.46,0.28,0.678853488,doi.org/10.1021/ol034943n,
2,Cc1ccc2ccccc2c1Br,Cc1ccc2ccccc2c1B(O)O,COCCOC.O,[Ba+2].[OH-].[OH-],Pd,COc1ccccc1C12[C@@H]3C4C5C1(P(C1CCCCC1)C1CCCCC1)[Fe]45321678C2C1C6C7C28,70,P,0.46,0.3,0.678853488,doi.org/10.1021/ol034943n,
25,Brc1c(OCc2ccccc2)ccc2ccccc12,OB(O)c1c(OCc2ccccc2)ccc2ccccc12,C1CCOC1,[Cs+].[F-],Pd,C[C@@H](N(C)C)C12[C@@H]3C4C5C1(P(c1ccccc1)c1ccccc1)[Fe]45321678C2C1C6C7C28,50,P,0.6,0.95,0.891032111,doi.org/10.1002/chem.200600616,
26,Brc1c(OCc2ccccc2)ccc2ccccc12,OB(O)c1c(OCc2ccccc2)ccc2ccccc12,C1CCOC1,[Cs+].[F-],Pd,C[C@@H](N(C)C)C12[C@@H]3C4C5C1(P(c1ccccc1)c1ccccc1)[Fe]45321678C2C1C6C7C28,65,P,0.88,0.5,1.850624132,doi.org/10.1002/chem.200600616,
27,COc1ccc2ccccc2c1Br,COc1ccc2ccccc2c1B(O)O,C1CCOC1,[Cs+].[F-],Pd,C[C@@H](N(C)C)C12[C@@H]3C4C5C1(P(c1ccccc1)c1ccccc1)[Fe]45321678C2C1C6C7C28,50,P,0.5,0.95,0.706126241,doi.org/10.1002/chem.200600616,
28,COc1ccc2ccccc2c1Br,COc1ccc2ccccc2c1B(O)O,COCCOC,[Cs+].[F-],Pd,C[C@@H](N(C)C)C12[C@@H]3C4C5C1(P(c1ccccc1)c1ccccc1)[Fe]45321678C2C1C6C7C28,65,P,0.57,0.5,0.871020188,doi.org/10.1002/chem.200600616,
29,Cc1ccc2ccccc2c1Br,Cc1ccc2ccccc2c1B(O)O,C1CCOC1,[Cs+].[F-],Pd,C[C@@H](N(C)C)C12[C@@H]3C4C5C1(P(c1ccccc1)c1ccccc1)[Fe]45321678C2C1C6C7C28,65,P,0.85,0.85,1.689723331,doi.org/10.1002/chem.200600616,
30,Cc1ccc2ccccc2c1Br,Cc1ccc2ccccc2c1B(O)O,COCCOC,[Cs+].[F-],Pd,C[C@@H](N(C)C)C12[C@@H]3C4C5C1(P(c1ccccc1)c1ccccc1)[Fe]45321678C2C1C6C7C28,65,P,0.9,0.55,1.980367035,doi.org/10.1002/chem.200600616,
31,Cc1ccc2ccccc2c1Br,Cc1ccc2ccccc2c1B(O)O,COCCOC,[Cs+].[F-],Pd,C[C@@H](N(C)C)C12[C@@H]3C4C5C1(P(c1ccccc1)c1ccccc1)[Fe]45321678C2C1C6C7C28,65,P,0.85,0.85,1.689723331,doi.org/10.1002/chem.200600616,
33,Cc1ccc2ccccc2c1Br,Cc1ccc2ccccc2c1B(O)O,C1CCOC1,[Cs+].[F-],Pd,CN(C)[C@H](c1ccccc1)C12[C@@H]3C4C5C1(P(c1ccccc1)c1ccccc1)[Fe]45321678C2C1C6C7C28,65,P,0.73,0.62,1.249284546,doi.org/10.1002/chem.200600616,
34,Brc1c(OCc2ccccc2)ccc2ccccc12,OB(O)c1c(OCc2ccccc2)ccc2ccccc12,COCCOC,[Cs+].[F-],Pd,CN(C)[C@H](c1ccccc1)C12[C@@H]3C4C5C1(P(c1ccccc1)c1ccccc1)[Fe]45321678C2C1C6C7C28,50,P,0.37,0.86,0.499313081,doi.org/10.1002/chem.200600616,
35,Cc1ccc2ccccc2c1Br,Cc1ccc2ccccc2c1B(O)O,COCCOC,[Cs+].[F-],Pd,COc1c(C)cc(P(c2cc(C)c(OC)c(C)c2)C23C4C5[C@H]6C2([C@@H](C)N(C)C)[Fe]54632789C3C2C7C8C39)cc1C,65,P,0.68,0.5,1.115288937,doi.org/10.1002/chem.200600616,
36,Brc1c(OCc2ccccc2)ccc2ccccc12,OB(O)c1c(OCc2ccccc2)ccc2ccccc12,C1CCOC1,[Cs+].[F-],Pd,COc1c(C)cc(P(c2cc(C)c(OC)c(C)c2)C23C4C5[C@H]6C2([C@@H](C)N(C)C)[Fe]54632789C3C2C7C8C39)cc1C,50,P,0.66,0.45,1.019152099,doi.org/10.1002/chem.200600616,
37,Cc1ccc2ccccc2c1Br,Cc1ccc2ccccc2c1B(O)O,C1CCOC1,[Cs+].[F-],Pd,C[C@@H](N(C)C)C12[C@@H]3C4C5C1(P(c1ccc(C(F)(F)F)cc1)c1ccc(C(F)(F)F)cc1)[Fe]45321678C2C1C6C7C28,65,P,0.68,0.66,1.115288937,doi.org/10.1002/chem.200600616,
38,Brc1c(OCc2ccccc2)ccc2ccccc12,OB(O)c1c(OCc2ccccc2)ccc2ccccc12,COCCOC,[Cs+].[F-],Pd,C[C@@H](N(C)C)C12[C@@H]3C4C5C1(P(c1ccc(C(F)(F)F)cc1)c1ccc(C(F)(F)F)cc1)[Fe]45321678C2C1C6C7C28,50,P,0.33,0.75,0.440701473,doi.org/10.1002/chem.200600616,
39,Cc1ccc2ccccc2c1Br,COc1ccc2ccccc2c1B(O)O,C1CCOC1,[Cs+].[F-],Pd,C[C@@H](N(C)C)C12[C@@H]3C4C5C1(P(c1ccccc1)c1ccccc1)[Fe]45321678C2C1C6C7C28,65,P,0.73,0.8,1.249284546,doi.org/10.1002/chem.200600616,
40,COc1ccc2ccccc2c1Br,Cc1ccc2ccccc2c1B(O)O,C1CCOC1,[Cs+].[F-],Pd,C[C@@H](N(C)C)C12[C@@H]3C4C5C1(P(c1ccccc1)c1ccccc1)[Fe]45321678C2C1C6C7C28,65,P,0.65,0.77,1.042898842,doi.org/10.1002/chem.200600616,
41,Brc1c(OCc2ccccc2)ccc2ccccc12,COc1ccc2ccccc2c1B(O)O,C1CCOC1,[Cs+].[F-],Pd,C[C@@H](N(C)C)C12[C@@H]3C4C5C1(P(c1ccccc1)c1ccccc1)[Fe]45321678C2C1C6C7C28,65,P,0.62,0.93,0.975246005,doi.org/10.1002/chem.200600616,
42,COc1ccc2ccccc2c1Br,OB(O)c1c(OCc2ccccc2)ccc2ccccc12,C1CCOC1,[Cs+].[F-],Pd,C[C@@H](N(C)C)C12[C@@H]3C4C5C1(P(c1ccccc1)c1ccccc1)[Fe]45321678C2C1C6C7C28,65,P,0.6,0.9,0.932392104,doi.org/10.1002/chem.200600616,
43,Brc1cccc2ccccc12,Cc1ccc2ccccc2c1B(O)O,COCCOC.O,[K+].[OH-],Pd,CC(C)[C@H]1COC(c2ccccc2CN(Cc2ccccc2)P2OC(c3ccccc3)(c3ccccc3)[C@H]3OC(C)(C)O[C@@H]3C(c3ccccc3)(c3ccccc3)O2)=N1,20,"N,P",0.38,0.3,0.466528719,doi.org/10.1016/j.tetasy.2007.04.020,
44,Brc1cccc2ccccc12,Cc1ccc2ccccc2c1B(O)O,COCCOC.O,[Na+].[OH-],Pd,CC(C)[C@H]1COC(c2ccccc2CN(Cc2ccccc2)P2OC(c3ccccc3)(c3ccccc3)[C@H]3OC(C)(C)O[C@@H]3C(c3ccccc3)(c3ccccc3)O2)=N1,20,"N,P",0.36,0.25,0.4395047,doi.org/10.1016/j.tetasy.2007.04.020,
45,Brc1cccc2ccccc12,Cc1ccc2ccccc2c1B(O)O,COCCOC.O,[Cs+].[OH-],Pd,CC(C)[C@H]1COC(c2ccccc2CN(Cc2ccccc2)P2OC(c3ccccc3)(c3ccccc3)[C@H]3OC(C)(C)O[C@@H]3C(c3ccccc3)(c3ccccc3)O2)=N1,20,"N,P",0.37,0.16,0.45295878,doi.org/10.1016/j.tetasy.2007.04.020,
46,Brc1cccc2ccccc12,Cc1ccc2ccccc2c1B(O)O,COCCOC.O,[Cs+].[F-],Pd,CC(C)[C@H]1COC(c2ccccc2CN(Cc2ccccc2)P2OC(c3ccccc3)(c3ccccc3)[C@H]3OC(C)(C)O[C@@H]3C(c3ccccc3)(c3ccccc3)O2)=N1,20,"N,P",0.4,0.19,0.494037308,doi.org/10.1016/j.tetasy.2007.04.020,
47,Brc1cccc2ccccc12,Cc1ccc2ccccc2c1B(O)O,COCCOC.O,O=C([O-])[O-].[Cs+].[Cs+],Pd,CC(C)[C@H]1COC(c2ccccc2CN(Cc2ccccc2)P2OC(c3ccccc3)(c3ccccc3)[C@H]3OC(C)(C)O[C@@H]3C(c3ccccc3)(c3ccccc3)O2)=N1,20,"N,P",0.46,0.54,0.579938511,doi.org/10.1016/j.tetasy.2007.04.020,
48,Brc1cccc2ccccc12,Cc1ccc2ccccc2c1B(O)O,COCCOC.O,[Ba+2].[OH-].[OH-],Pd,CC(C)[C@H]1COC(c2ccccc2CN(Cc2ccccc2)P2OC(c3ccccc3)(c3ccccc3)[C@H]3OC(C)(C)O[C@@H]3C(c3ccccc3)(c3ccccc3)O2)=N1,20,"N,P",0.43,0.31,0.536307547,doi.org/10.1016/j.tetasy.2007.04.020,
49,Brc1cccc2ccccc12,Cc1ccc2ccccc2c1B(O)O,COCCOC.O,[K+].[OH-],Pd,CC(C)[C@H]1COC(c2ccccc2CN(Cc2ccccc2)P2OC(c3ccccc3)(c3ccccc3)[C@@H]3OC(C)(C)O[C@H]3C(c3ccccc3)(c3ccccc3)O2)=N1,20,"N,P",0.35,0.45,0.426161465,doi.org/10.1016/j.tetasy.2007.04.020,
50,Brc1cccc2ccccc12,Cc1ccc2ccccc2c1B(O)O,COCCOC.O,[Na+].[OH-],Pd,CC(C)[C@H]1COC(c2ccccc2CN(Cc2ccccc2)P2OC(c3ccccc3)(c3ccccc3)[C@@H]3OC(C)(C)O[C@H]3C(c3ccccc3)(c3ccccc3)O2)=N1,20,"N,P",0.34,0.43,0.412924257,doi.org/10.1016/j.tetasy.2007.04.020,
51,Brc1cccc2ccccc12,Cc1ccc2ccccc2c1B(O)O,COCCOC.O,[Cs+].[OH-],Pd,CC(C)[C@H]1COC(c2ccccc2CN(Cc2ccccc2)P2OC(c3ccccc3)(c3ccccc3)[C@@H]3OC(C)(C)O[C@H]3C(c3ccccc3)(c3ccccc3)O2)=N1,20,"N,P",0.33,0.61,0.399788447,doi.org/10.1016/j.tetasy.2007.04.020,
53,Brc1cccc2ccccc12,Cc1ccc2ccccc2c1B(O)O,COCCOC.O,[Ba+2].[OH-].[OH-],Pd,CC(C)[C@H]1COC(c2ccccc2CN(Cc2ccccc2)P2OC(c3ccccc3)(c3ccccc3)[C@@H]3OC(C)(C)O[C@H]3C(c3ccccc3)(c3ccccc3)O2)=N1,20,"N,P",0.18,0.25,0.212218729,doi.org/10.1016/j.tetasy.2007.04.020,
62,COc1ccc2ccccc2c1Br,Cc1ccccc1B(O)O,C1COCCO1.O,[Ba+2].[OH-].[OH-].O,Pd,COC(=O)CC[C@@H](C)[C@H]1CCC2C3CCC4C[C@H](OC(C)=O)CC[C@]4(C)C3C[C@H](Op3oc4ccc5ccccc5c4c4c(ccc5ccccc54)o3)[C@@]21C,80,P,0.13,0.9,0.183666913,doi.org/10.1016/j.tetasy.2011.12.006,
63,COc1ccc2ccccc2c1Br,Cc1ccccc1B(O)O,C1COCCO1.O,[Ba+2].[OH-].[OH-].O,Pd,COC(=O)CC[C@@H](C)[C@H]1CCC2C3CCC4C[C@H](OC(C)=O)CC[C@]4(C)C3C[C@H](Op3oc4ccc5ccccc5c4c4c(ccc5ccccc54)o3)[C@@]21C,25,P,0.23,0.77,0.277757571,doi.org/10.1016/j.tetasy.2011.12.006,
64,COc1ccc2ccccc2c1Br,Cc1ccccc1B(O)O,Cc1ccccc1.O,[Ba+2].[OH-].[OH-].O,Pd,COC(=O)CC[C@@H](C)[C@H]1CCC2C3CCC4C[C@H](OC(C)=O)CC[C@]4(C)C3C[C@H](Op3oc4ccc5ccccc5c4c4c(ccc5ccccc54)o3)[C@@]21C,25,P,0.26,0.73,0.315614642,doi.org/10.1016/j.tetasy.2011.12.006,
65,COc1ccc2ccccc2c1Br,Cc1ccccc1B(O)O,Cc1ccccc1.O,[Ba+2].[OH-].[OH-].O,Pd,COC(=O)CC[C@@H](C)[C@H]1CCC2C3CCC4C[C@H](OC(C)=O)CC[C@]4(C)C3C[C@H](Op3oc4ccc5ccccc5c4c4c(ccc5ccccc54)o3)[C@@]21C,25,P,0.29,0.74,0.354110889,doi.org/10.1016/j.tetasy.2011.12.006,
66,COc1ccc2ccccc2c1Br,Cc1ccccc1B(O)O,Cc1ccccc1.O,[Ba+2].[OH-].[OH-].O,Pd,COC(=O)CC[C@@H](C)[C@H]1CCC2C3CCC4C[C@H](OC(C)=O)CC[C@]4(C)C3C[C@H](Op3oc4ccc5ccccc5c4c4c(ccc5ccccc54)o3)[C@@]21C,25,P,0.18,0.15,0.215838356,doi.org/10.1016/j.tetasy.2011.12.006,
67,COc1ccc2ccccc2c1Br,Cc1ccccc1B(O)O,Cc1ccccc1.O,O=C([O-])[O-].[Cs+].[Cs+],Pd,COC(=O)CC[C@@H](C)[C@H]1CCC2C3CCC4C[C@H](OC(C)=O)CC[C@]4(C)C3C[C@H](Op3oc4ccc5ccccc5c4c4c(ccc5ccccc54)o3)[C@@]21C,25,P,0.15,0.73,0.179258277,doi.org/10.1016/j.tetasy.2011.12.006,
68,COc1ccc2ccccc2c1Br,Cc1ccccc1B(O)O,Cc1ccccc1.O,[F-].[K+],Pd,COC(=O)CC[C@@H](C)[C@H]1CCC2C3CCC4C[C@H](OC(C)=O)CC[C@]4(C)C3C[C@H](Op3oc4ccc5ccccc5c4c4c(ccc5ccccc54)o3)[C@@]21C,25,P,0.27,0.32,0.328370972,doi.org/10.1016/j.tetasy.2011.12.006,
69,COc1ccc2ccccc2c1Br,Cc1ccccc1B(O)O,Cc1ccccc1.O,O=P([O-])([O-])[O-].[K+].[K+].[K+],Pd,COC(=O)CC[C@@H](C)[C@H]1CCC2C3CCC4C[C@H](OC(C)=O)CC[C@]4(C)C3C[C@H](Op3oc4ccc5ccccc5c4c4c(ccc5ccccc54)o3)[C@@]21C,25,P,0.2,0.33,0.240448482,doi.org/10.1016/j.tetasy.2011.12.006,
70,COc1ccc2ccccc2c1Br,Cc1ccccc1B(O)O,Cc1ccccc1.O,O=C([O-])[O-].[K+].[K+],Pd,COC(=O)CC[C@@H](C)[C@H]1CCC2C3CCC4C[C@H](OC(C)=O)CC[C@]4(C)C3C[C@H](Op3oc4ccc5ccccc5c4c4c(ccc5ccccc54)o3)[C@@]21C,25,P,0.27,0.64,0.328370972,doi.org/10.1016/j.tetasy.2011.12.006,
71,COc1ccc2ccccc2c1Br,Cc1ccccc1B(O)O,Cc1ccccc1,O=C([O-])[O-].[K+].[K+],Pd,COC(=O)CC[C@@H](C)[C@H]1CCC2C3CCC4C[C@H](OC(C)=O)CC[C@]4(C)C3C[C@H](Op3oc4ccc5ccccc5c4c4c(ccc5ccccc54)o3)[C@@]21C,25,P,0.34,0.74,0.419967141,doi.org/10.1016/j.tetasy.2011.12.006,
72,COc1ccc2ccccc2c1Br,Cc1ccccc1B(O)O,C1CCOC1,O=C([O-])[O-].[K+].[K+],Pd,COC(=O)CC[C@@H](C)[C@H]1CCC2C3CCC4C[C@H](OC(C)=O)CC[C@]4(C)C3C[C@H](Op3oc4ccc5ccccc5c4c4c(ccc5ccccc54)o3)[C@@]21C,25,P,0.37,0.24,0.460684497,doi.org/10.1016/j.tetasy.2011.12.006,
73,COc1ccc2ccccc2c1Br,Cc1ccccc1B(O)O,C1COCCO1,O=C([O-])[O-].[K+].[K+],Pd,COC(=O)CC[C@@H](C)[C@H]1CCC2C3CCC4C[C@H](OC(C)=O)CC[C@]4(C)C3C[C@H](Op3oc4ccc5ccccc5c4c4c(ccc5ccccc54)o3)[C@@]21C,25,P,0.37,0.33,0.460684497,doi.org/10.1016/j.tetasy.2011.12.006,
74,COc1ccc2ccccc2c1Br,Cc1ccccc1B(O)O,ClCCl,O=C([O-])[O-].[K+].[K+],Pd,COC(=O)CC[C@@H](C)[C@H]1CCC2C3CCC4C[C@H](OC(C)=O)CC[C@]4(C)C3C[C@H](Op3oc4ccc5ccccc5c4c4c(ccc5ccccc54)o3)[C@@]21C,25,P,0.36,0.74,0.447000943,doi.org/10.1016/j.tetasy.2011.12.006,
75,COc1ccc2ccccc2c1Br,Cc1ccccc1B(O)O,ClCCl,[Ba+2].[OH-].[OH-],Pd,COC(=O)CC[C@@H](C)[C@H]1CCC2C3CCC4C[C@H](OC(C)=O)CC[C@]4(C)C3C[C@H](Op3oc4ccc5ccccc5c4c4c(ccc5ccccc54)o3)[C@@]21C,25,P,0.49,0.37,0.635787847,doi.org/10.1016/j.tetasy.2011.12.006,
76,COc1ccc2ccccc2c1Br,Cc1ccccc1B(O)O,ClCCl,[Ba+2].[OH-].[OH-],Pd,COC(=O)CC[C@@H](C)[C@H]1CCC2C3CCC4C[C@H](OC(C)=O)CC[C@]4(C)C3C[C@H](Op3oc4ccc5ccccc5c4c4c(ccc5ccccc54)o3)[C@@]21C,25,P,0.34,0.46,0.419967141,doi.org/10.1016/j.tetasy.2011.12.006,
77,COc1ccc2ccccc2c1Br,Cc1ccccc1B(O)O,ClCCl,O=C([O-])[O-].[K+].[K+],Pd,COC(=O)CC[C@@H](C)[C@H]1CCC2C3CCC4C[C@H](OC(C)=O)CC[C@]4(C)C3C[C@H](Op3oc4ccc5ccccc5c4c4c(ccc5ccccc54)o3)[C@@]21C,25,P,0.46,0.96,0.589830009,doi.org/10.1016/j.tetasy.2011.12.006,
78,COc1ccc2ccccc2c1Br,Cc1ccccc1B(O)O,ClCCl,[Ba+2].[OH-].[OH-],Pd,COC(=O)CC[C@@H](C)[C@H]1CCC2C3CCC4C[C@H](OC(C)=O)CC[C@]4(C)C3C[C@H](Op3oc4ccc5ccccc5c4c4c(ccc5ccccc54)o3)[C@@]21C,25,P,0.53,0.21,0.699934495,doi.org/10.1016/j.tetasy.2011.12.006,
79,COc1ccc2ccccc2c1Br,Cc1ccccc1B(O)O,ClCCl,[Ba+2].[OH-].[OH-],Pd,COC(=O)CC[C@@H](C)[C@H]1CCC2C3CCC4C[C@H](OC(C)=O)CC[C@]4(C)C3C[C@H](Op3oc4ccc5ccccc5c4c4c(ccc5ccccc54)o3)[C@@]21C,25,P,0.34,0.53,0.419967141,doi.org/10.1016/j.tetasy.2011.12.006,
80,CC(C)[Si](OCc1ccccc1I)(C(C)C)C(C)C,Cc1ccc2ccccc2c1B(O)O,Cc1ccccc1,[Cs+].[F-],Pd,COc1cccc2ccc(P(C3CCCC3)C3CCCC3)c(C(=O)N(C(C)C)C(C)C)c12,40,P,0.84,0.95,1.521225258,doi.org/10.1016/j.tet.2011.09.107,
81,CC(C)[Si](OCc1ccc2ccccc2c1Br)(C(C)C)C(C)C,Cc1ccccc1B(O)O,Cc1ccccc1,[Cs+].[F-],Pd,COc1cccc2ccc(P(C(C)C)C(C)C)c(C(=O)N(C(C)C)C(C)C)c12,40,P,0.72,0.98,1.130660348,doi.org/10.1016/j.tet.2011.09.107,
83,O=Cc1ccc2ccccc2c1Br,OB(O)c1cccc2ccccc12,C1CCOC1,O=P([O-])([O-])[O-].[K+].[K+].[K+],Pd,COc1cccc(OC)c1-c1cccc2c1[P@](C(C)(C)C)[C@@H](C)O2,24,P,0.2,0.9,0.239642014,doi.org/10.1021/ol300659d,
84,CN(C)C(=O)c1ccc2ccccc2c1Br,OB(O)c1cccc2ccccc12,C1CCOC1,O=P([O-])([O-])[O-].[K+].[K+].[K+],Pd,COc1cccc(OC)c1-c1cccc2c1[P@](C(C)(C)C)[C@@H](C)O2,24,P,0.79,0.95,1.266496383,doi.org/10.1021/ol300659d,
85,O=C1OCCN1C(=O)c1ccc2ccccc2c1Br,OB(O)c1cccc2ccccc12,C1CCOC1,O=P([O-])([O-])[O-].[K+].[K+].[K+],Pd,COc1cccc(OC)c1-c1cccc2c1[P@](C(C)(C)C)[C@@H](C)O2,24,P,0.87,0.96,1.575779916,doi.org/10.1021/ol300659d,
86,O=C(c1ccc2ccccc2c1Br)n1c(=O)oc2ccccc21,OB(O)c1cccc2ccccc12,C1CCOC1,O=P([O-])([O-])[O-].[K+].[K+].[K+],Pd,COc1cccc(OC)c1-c1cccc2c1[P@](C(C)(C)C)CO2,24,P,0.45,0.5,0.572944742,doi.org/10.1021/ol300659d,
87,O=C(c1ccc2ccccc2c1Br)n1c(=O)oc2ccccc21,OB(O)c1cccc2ccccc12,C1CCOC1,O=P([O-])([O-])[O-].[K+].[K+].[K+],Pd,COc1cccc(OC)c1-c1cccc2c1[P@](C(C)(C)C)[C@@H](Cc1ccccc1)O2,24,P,0.9,0.92,1.740251559,doi.org/10.1021/ol300659d,
88,O=C(c1ccc2ccccc2c1Br)n1c(=O)oc2ccccc21,OB(O)c1cccc2ccccc12,C1CCOC1,O=P([O-])([O-])[O-].[K+].[K+].[K+],Pd,COc1cccc(OC)c1-c1cccc2c1[P@](C(C)(C)C)[C@@H](Cc1cccc3ccccc13)O2,24,P,0.92,0.99,1.878324927,doi.org/10.1021/ol300659d,
89,O=C(c1ccc2ccccc2c1Br)n1c(=O)oc2ccccc21,OB(O)c1cccc2ccccc12,C1CCOC1,O=P([O-])([O-])[O-].[K+].[K+].[K+],Pd,COc1cccc(OC)c1-c1cccc2c1[P@](C(C)(C)C)[C@@H](C)O2,24,P,0.96,0.95,2.300182271,doi.org/10.1021/ol300659d,
90,O=C(c1ccc2ccccc2c1Br)n1c(=O)oc2ccccc21,OB(O)c1cccc2ccccc12,C1CCOC1,O=P([O-])([O-])[O-].[K+].[K+].[K+],Pd,COc1cccc(OC)c1-c1cccc2c1[P@](C(C)(C)C)[C@@H](C)O2,24,P,0.96,0.95,2.300182271,doi.org/10.1021/ol300659d,
91,CCOP(=O)(OCC)c1ccc2ccccc2c1Br,OB(O)c1cccc2ccccc12,Cc1ccccc1,O=P([O-])([O-])[O-].[K+].[K+].[K+],Pd,COc1cccc2c1-c1c(cccc1P(c1ccccc1)c1ccccc1)O[C@@H](C)[C@@H](C)O2,40,P,0.85,0.9,1.564799234,doi.org/10.1021/ol300721p,
92,CCOP(=O)(OCC)c1ccc2ccccc2c1Br,OB(O)c1cccc2ccccc12,CN(C)C=O,O=P([O-])([O-])[O-].[K+].[K+].[K+],Pd,COc1cccc2c1-c1c(cccc1P(c1ccccc1)c1ccccc1)O[C@@H](C)[C@@H](C)O2,40,P,0.72,0.2,1.130660348,doi.org/10.1021/ol300721p,
93,CCOP(=O)(OCC)c1ccc2ccccc2c1Br,OB(O)c1cccc2ccccc12,CS(C)=O,O=P([O-])([O-])[O-].[K+].[K+].[K+],Pd,COc1cccc2c1-c1c(cccc1P(c1ccccc1)c1ccccc1)O[C@@H](C)[C@@H](C)O2,40,P,0.16,0.23,0.201040651,doi.org/10.1021/ol300721p,
94,CCOP(=O)(OCC)c1ccc2ccccc2c1Br,OB(O)c1cccc2ccccc12,COC,O=P([O-])([O-])[O-].[K+].[K+].[K+],Pd,COc1cccc2c1-c1c(cccc1P(c1ccccc1)c1ccccc1)O[C@@H](C)[C@@H](C)O2,40,P,0.81,0.9,1.40394874,doi.org/10.1021/ol300721p,
95,CCOP(=O)(OCC)c1ccc2ccccc2c1Br,OB(O)c1cccc2ccccc12,C1CCOC1,O=P([O-])([O-])[O-].[K+].[K+].[K+],Pd,COc1cccc2c1-c1c(cccc1P(c1ccccc1)c1ccccc1)O[C@@H](C)[C@@H](C)O2,40,P,0.81,0.88,1.40394874,doi.org/10.1021/ol300721p,
96,CCOP(=O)(OCC)c1ccc2ccccc2c1Br,OB(O)c1cccc2ccccc12,COC.O,O=P([O-])([O-])[O-].[K+].[K+].[K+],Pd,COc1cccc2c1-c1c(cccc1P(c1ccccc1)c1ccccc1)O[C@@H](C)[C@@H](C)O2,40,P,0.81,0.84,1.40394874,doi.org/10.1021/ol300721p,
97,CCOP(=O)(OCC)c1ccc2ccccc2c1Br,OB(O)c1cccc2ccccc12,Cc1ccccc1,O=P([O-])([O-])[O-].[K+].[K+].[K+],Pd,COc1cccc2c1-c1c(cccc1P(c1ccccc1)c1ccccc1)O[C@@H](C)[C@@H](C)O2,40,P,0.83,0.92,1.480070672,doi.org/10.1021/ol300721p,
98,CCOP(=O)(OCC)c1ccc2ccccc2c1Br,OB(O)c1cccc2ccccc12,Cc1ccccc1,O=P([O-])([O-])[O-].[K+].[K+].[K+],Pd,COc1cccc2c1-c1c(cccc1P(c1ccccc1)c1ccccc1)O[C@@H](C)[C@@H](C)O2,40,P,0.82,0.9,1.441056427,doi.org/10.1021/ol300721p,
99,CCOP(=O)(OCC)c1ccc2ccccc2c1Br,OB(O)c1cccc2ccccc12,Cc1ccccc1,[Cs+].[F-],Pd,COc1cccc2c1-c1c(cccc1P(c1ccccc1)c1ccccc1)O[C@@H](C)[C@@H](C)O2,40,P,0.82,0.7,1.441056427,doi.org/10.1021/ol300721p,
100,CCOP(=O)(OCC)c1ccc2ccccc2c1Br,OB(O)c1cccc2ccccc12,Cc1ccccc1,O=C([O-])[O-].[Cs+].[Cs+],Pd,COc1cccc2c1-c1c(cccc1P(c1ccccc1)c1ccccc1)O[C@@H](C)[C@@H](C)O2,40,P,0.83,0.46,1.480070672,doi.org/10.1021/ol300721p,
101,CCOP(=O)(OCC)c1ccc2ccccc2c1Br,OB(O)c1cccc2ccccc12,Cc1ccccc1,[Ba+2].[OH-].[OH-],Pd,COc1cccc2c1-c1c(cccc1P(c1ccccc1)c1ccccc1)O[C@@H](C)[C@@H](C)O2,40,P,0.83,0.5,1.480070672,doi.org/10.1021/ol300721p,
102,CCOP(=O)(OCC)c1ccc2ccccc2c1Br,OB(O)c1cccc2ccccc12,Cc1ccccc1,O=P([O-])([O-])[O-].[K+].[K+].[K+],Pd,COc1ccc2ccccc2c1-c1c(P(c2ccccc2)c2ccccc2)ccc2ccccc12,40,P,0.46,0.75,0.619504502,doi.org/10.1021/ol300721p,
103,CCOP(=O)(OCC)c1ccc2ccccc2c1Br,OB(O)c1cccc2ccccc12,Cc1ccccc1,O=P([O-])([O-])[O-].[K+].[K+].[K+],Pd,CN(C)c1ccc2ccccc2c1-c1c(P(C2CCCCC2)C2CCCCC2)ccc2ccccc12,40,P,0.57,0.97,0.806624196,doi.org/10.1021/ol300721p,
104,CCOP(=O)(OCC)c1ccc2ccccc2c1Br,OB(O)c1cccc2ccccc12,Cc1ccccc1,O=P([O-])([O-])[O-].[K+].[K+].[K+],Pd,COc1cccc2c1-c1c(cccc1P(c1ccc(C)cc1)c1ccc(C)cc1)O[C@@H](C)[C@@H](C)O2,40,P,0.84,0.88,1.521225258,doi.org/10.1021/ol300721p,
105,CCOP(=O)(OCC)c1ccc2ccccc2c1Br,OB(O)c1cccc2ccccc12,Cc1ccccc1,O=P([O-])([O-])[O-].[K+].[K+].[K+],Pd,COc1cccc2c1-c1c(cccc1P(c1cc(C)cc(C)c1)c1ccc(C)cc1C)O[C@@H](C)[C@@H](C)O2,40,P,0.84,0.9,1.521225258,doi.org/10.1021/ol300721p,
106,CCOP(=O)(OCC)c1ccc2ccccc2c1Br,OB(O)c1cccc2ccccc12,Cc1ccccc1,O=P([O-])([O-])[O-].[K+].[K+].[K+],Pd,COc1cccc2c1-c1c(cccc1P(c1cc(C(C)(C)C)cc(C(C)(C)C)c1)c1ccc(C(C)(C)C)cc1C(C)(C)C)O[C@@H](C)[C@@H](C)O2,40,P,0.88,0.62,1.713804368,doi.org/10.1021/ol300721p,
107,CCOP(=O)(OCC)c1ccc2ccccc2c1Br,OB(O)c1cccc2ccccc12,Cc1ccccc1,O=P([O-])([O-])[O-].[K+].[K+].[K+],Pd,CCOc1cccc2c1-c1c(cccc1P(c1ccccc1)c1ccccc1)O[C@@H](C)[C@@H](C)O2,40,P,0.77,0.88,1.271030148,doi.org/10.1021/ol300721p,
108,CCOP(=O)(OCC)c1ccc2ccccc2c1Br,OB(O)c1cccc2ccccc12,Cc1ccccc1,O=P([O-])([O-])[O-].[K+].[K+].[K+],Pd,CC(C)Oc1cccc2c1-c1c(cccc1P(c1ccccc1)c1ccccc1)O[C@@H](C)[C@@H](C)O2,40,P,0.71,0.87,1.105171773,doi.org/10.1021/ol300721p,
109,CCOP(=O)(OCC)c1ccc2ccccc2c1Br,OB(O)c1cccc2ccccc12,Cc1ccccc1,O=P([O-])([O-])[O-].[K+].[K+].[K+],Pd,C[C@@H]1Oc2cccc(P(c3ccccc3)c3ccccc3)c2-c2c(OCc3ccccc3)cccc2O[C@@H]1C,40,P,0.77,0.65,1.271030148,doi.org/10.1021/ol300721p,
110,CCOP(=O)(OCC)c1ccc2ccccc2c1Br,COc1ccc(B(O)O)c2ccccc12,Cc1ccccc1,O=P([O-])([O-])[O-].[K+].[K+].[K+],Pd,C[C@@H]1C[C@@H](C)Oc2cccc(P(C3CCCCC3)C3CCCCC3)c2-c2c(cccc2N(C)C)O1,40,P,0.57,0.98,0.806624196,doi.org/10.1002/adsc.201200095,
111,CCOP(=O)(OCC)c1ccc2ccccc2c1Br,COc1ccc(B(O)O)c2ccccc12,Cc1ccccc1,O=P([O-])([O-])[O-].[K+].[K+].[K+],Pd,C[C@@H]1C[C@@H](C)Oc2cccc(P(c3ccccc3)c3ccccc3)c2-c2c(cccc2N(C)C)O1,40,P,0.77,0.96,1.271030148,doi.org/10.1002/adsc.201200095,
112,CCOP(=O)(OCC)c1ccc2ccccc2c1Br,COc1ccc(B(O)O)c2ccccc12,Cc1ccccc1,O=P([O-])([O-])[O-].[K+].[K+].[K+],Pd,C[C@@H]1C[C@@H](C)Oc2cccc(P(C(C)(C)C)C(C)(C)C)c2-c2c(cccc2N(C)C)O1,40,P,0.23,0.18,0.291731623,doi.org/10.1002/adsc.201200095,
113,CCOP(=O)(OCC)c1ccc2ccccc2c1Br,COc1ccc(B(O)O)c2ccccc12,C1CCOC1,O=P([O-])([O-])[O-].[K+].[K+].[K+],Pd,C[C@@H]1C[C@@H](C)Oc2cccc(P(C3CCCCC3)C3CCCCC3)c2-c2c(cccc2N(C)C)O1,40,P,0.62,0.97,0.903144423,doi.org/10.1002/adsc.201200095,
114,CCOP(=O)(OCC)c1ccc2ccccc2c1Br,COc1ccc(B(O)O)c2ccccc12,C1CCOC1,O=P([O-])([O-])[O-].[K+].[K+].[K+],Pd,C[C@@H]1C[C@@H](C)Oc2cccc(P(c3ccccc3)c3ccccc3)c2-c2c(cccc2N(C)C)O1,40,P,0.8,0.96,1.368549791,doi.org/10.1002/adsc.201200095,
116,CCOP(=O)(OCC)c1ccc2ccccc2c1Br,COc1ccc(B(O)O)c2ccccc12,Cc1ccccc1,[Cs+].[F-],Pd,C[C@@H]1C[C@@H](C)Oc2cccc(P(c3ccccc3)c3ccccc3)c2-c2c(cccc2N(C)C)O1,40,P,0.45,0.88,0.603794871,doi.org/10.1002/adsc.201200095,
117,CCOP(=O)(OCC)c1ccc2ccccc2c1Br,COc1ccc(B(O)O)c2ccccc12,C1CCOC1,[Cs+].[F-],Pd,C[C@@H]1C[C@@H](C)Oc2cccc(P(c3ccccc3)c3ccccc3)c2-c2c(cccc2N(C)C)O1,40,P,0.42,0.76,0.557693402,doi.org/10.1002/adsc.201200095,
119,CCOP(=O)(OCC)c1ccc2ccccc2c1Br,COc1ccc(B(O)O)c2ccccc12,C1COCCO1,O=P([O-])([O-])[O-].[K+].[K+].[K+],Pd,C[C@@H]1C[C@@H](C)Oc2cccc(P(c3ccccc3)c3ccccc3)c2-c2c(cccc2N(C)C)O1,40,P,0.55,0.91,0.770322366,doi.org/10.1002/adsc.201200095,
120,CCOP(=O)(OCC)c1ccc2ccccc2c1Br,COc1ccc(B(O)O)c2ccccc12,COC,O=P([O-])([O-])[O-].[K+].[K+].[K+],Pd,C[C@@H]1C[C@@H](C)Oc2cccc(P(c3ccccc3)c3ccccc3)c2-c2c(cccc2N(C)C)O1,40,P,0.5,0.89,0.684274895,doi.org/10.1002/adsc.201200095,
121,CCOP(=O)(OCC)c1ccc2ccccc2c1Br,COc1ccc(B(O)O)c2ccccc12,Cc1ccccc1,O=P([O-])([O-])[O-].[K+].[K+].[K+],Pd,C[C@@H]1C[C@@H](C)Oc2cccc(P(c3ccccc3)c3ccccc3)c2-c2c(cccc2N(C)C)O1,25,P,0.79,0.97,1.270758528,doi.org/10.1002/adsc.201200095,
122,CCOP(=O)(OCC)c1ccc2ccccc2c1Br,COc1ccc(B(O)O)c2ccccc12,C1CCOC1,O=P([O-])([O-])[O-].[K+].[K+].[K+],Pd,C[C@@H]1C[C@@H](C)Oc2cccc(P(c3ccccc3)c3ccccc3)c2-c2c(cccc2N(C)C)O1,25,P,0.81,0.95,1.336699079,doi.org/10.1002/adsc.201200095,
123,CCOP(=O)(OCC)c1ccc2ccccc2c1Br,COc1ccc(B(O)O)c2ccccc12,C1CCOC1,O=P([O-])([O-])[O-].[K+].[K+].[K+],Pd,C[C@@H]1C[C@@H](C)Oc2cccc(P(C3CCCCC3)C3CCCCC3)c2-c2c(cccc2N(C)C)O1,25,P,0.66,0.98,0.940306973,doi.org/10.1002/adsc.201200095,
124,CCOP(=O)(OCC)c1ccc2ccccc2c1Br,COc1ccc(B(O)O)c2ccccc12,C1CCOC1,O=P([O-])([O-])[O-].[K+].[K+].[K+],Pd,C[C@@H]1C[C@@H](C)Oc2cccc(P(c3ccccc3)c3ccccc3)c2-c2c(cccc2N(C)C)O1,25,P,0.82,0.96,1.372029295,doi.org/10.1002/adsc.201200095,
125,CCOP(=O)(OCC)c1ccc2ccccc2c1Br,COc1ccc(B(O)O)c2ccccc12,Cc1ccccc1,O=P([O-])([O-])[O-].[K+].[K+].[K+],Pd,CN(C)c1ccc2ccccc2c1-c1c(P(C2CCCCC2)C2CCCCC2)ccc2ccccc12,40,P,0.71,0.97,1.105171773,doi.org/10.1002/adsc.201200095,
128,CCOP(=O)(OCC)c1ccc2ccccc2c1Br,O=Cc1ccccc1B(O)O,Cc1ccccc1,O=P([O-])([O-])[O-].[K+].[K+].[K+],Pd,COc1ccc2ccccc2c1-c1c(P(C2CCCCC2)C2CCCCC2)ccc2ccccc12,50,P,0.96,0.93,2.501443382,doi.org/10.1021/ol402666p,
129,CCOP(=O)(OCC)c1ccc2ccccc2c1Br,O=Cc1ccccc1B(O)O,Cc1ccccc1,O=P([O-])([O-])[O-].[K+].[K+].[K+],Pd,CC(C)Oc1ccc2ccccc2c1-c1c(P(C2CCCCC2)C2CCCCC2)ccc2ccccc12,50,P,0.93,0.9,2.131839819,doi.org/10.1021/ol402666p,
130,CCOP(=O)(OCC)c1ccc2ccccc2c1Br,O=Cc1ccccc1B(O)O,Cc1ccccc1,O=P([O-])([O-])[O-].[K+].[K+].[K+],Pd,c1ccc(COc2ccc3ccccc3c2-c2c(P(C3CCCCC3)C3CCCCC3)ccc3ccccc23)cc1,50,P,0.95,0.65,2.354731548,doi.org/10.1021/ol402666p,
131,CCOP(=O)(OCC)c1ccc2ccccc2c1Br,O=Cc1ccccc1B(O)O,Cc1ccccc1,O=P([O-])([O-])[O-].[K+].[K+].[K+],Pd,COc1ccc2ccccc2c1-c1c(P(c2ccccc2)c2ccccc2)ccc2ccccc12,50,P,0.78,0.7,1.343810885,doi.org/10.1021/ol402666p,
132,CCOP(=O)(OCC)c1ccc2ccccc2c1Br,O=Cc1ccccc1B(O)O,Cc1ccccc1,O=P([O-])([O-])[O-].[K+].[K+].[K+],Pd,COc1ccc2ccccc2c1-c1c(P(c2ccc(C)cc2)c2ccc(C)cc2)ccc2ccccc12,50,P,0.81,0.49,1.448781846,doi.org/10.1021/ol402666p,
133,CCOP(=O)(OCC)c1ccc2ccccc2c1Br,O=Cc1ccccc1B(O)O,Cc1ccccc1,O=P([O-])([O-])[O-].[K+].[K+].[K+],Pd,COc1ccc2ccccc2c1-c1c(P(c2cc(C)cc(C)c2)c2cc(C)cc(C)c2)ccc2ccccc12,50,P,0.68,0.3,1.065815822,doi.org/10.1021/ol402666p,
135,CCOP(=O)(OCC)c1ccc2ccccc2c1Br,O=Cc1ccccc1B(O)O,Cc1ccccc1,O=P([O-])([O-])[O-].[K+].[K+].[K+],Pd,COc1ccc2ccccc2c1-c1c(P(C2CCCCC2)C2CCCCC2)ccc2ccccc12,80,P,0.94,0.97,2.441659204,doi.org/10.1021/ol402666p,from SI
136,CCOP(=O)(OCC)c1ccc2ccccc2c1Br,O=Cc1ccccc1B(O)O,C1CCOC1,O=P([O-])([O-])[O-].[K+].[K+].[K+],Pd,COc1ccc2ccccc2c1-c1c(P(C2CCCCC2)C2CCCCC2)ccc2ccccc12,50,P,0.95,0.75,2.354731548,doi.org/10.1021/ol402666p,from SI
137,CCOP(=O)(OCC)c1ccc2ccccc2c1Br,O=Cc1ccccc1B(O)O,C1COCCO1,O=P([O-])([O-])[O-].[K+].[K+].[K+],Pd,COc1ccc2ccccc2c1-c1c(P(C2CCCCC2)C2CCCCC2)ccc2ccccc12,50,P,0.95,0.83,2.354731548,doi.org/10.1021/ol402666p,from SI
138,CCOP(=O)(OCC)c1ccc2ccccc2c1Br,O=Cc1ccccc1B(O)O,Cc1ccccc1,O=P([O-])([O-])[O-].[K+].[K+].[K+],Pd,COc1ccc2ccccc2c1-c1c(P(C2CCCCC2)C2CCCCC2)ccc2ccccc12,50,P,0.93,0.08,2.131839819,doi.org/10.1021/ol402666p,from SI
139,CCOP(=O)(OCC)c1ccc2ccccc2c1Br,O=Cc1ccccc1B(O)O,Cc1ccccc1,O=P([O-])([O-])[O-].[K+].[K+].[K+],Pd,COc1ccc2ccccc2c1-c1c(P(C2CCCCC2)C2CCCCC2)ccc2ccccc12,50,P,0.95,0.77,2.354731548,doi.org/10.1021/ol402666p,from SI
140,CCOP(=O)(OCC)c1ccc2ccccc2c1Br,O=Cc1ccccc1B(O)O,Cc1ccccc1,O=P([O-])([O-])[O-].[K+].[K+].[K+],Pd,COc1ccc2ccccc2c1-c1c(P(C2CCCCC2)C2CCCCC2)ccc2ccccc12,50,P,0.94,0.85,2.234240894,doi.org/10.1021/ol402666p,from SI
141,CCOP(=O)(OCC)c1ccc2ccccc2c1Br,O=Cc1ccccc1B(O)O,Cc1ccccc1,O=P([O-])([O-])[O-].[Na+].[Na+].[Na+],Pd,COc1ccc2ccccc2c1-c1c(P(C2CCCCC2)C2CCCCC2)ccc2ccccc12,50,P,0.96,0.86,2.501443382,doi.org/10.1021/ol402666p,from SI
142,CCOP(=O)(OCC)c1ccc2ccccc2c1Br,O=Cc1ccccc1B(O)O,Cc1ccccc1,[Cs+].[F-],Pd,COc1ccc2ccccc2c1-c1c(P(C2CCCCC2)C2CCCCC2)ccc2ccccc12,50,P,0.93,0.7,2.131839819,doi.org/10.1021/ol402666p,from SI
143,CCOP(=O)(OCC)c1ccc2ccccc2c1Br,O=Cc1ccccc1B(O)O,Cc1ccccc1,[F-].[K+],Pd,COc1ccc2ccccc2c1-c1c(P(C2CCCCC2)C2CCCCC2)ccc2ccccc12,50,P,0.96,0.89,2.501443382,doi.org/10.1021/ol402666p,from SI
144,CCOP(=O)(OCC)c1ccc2ccccc2c1Br,O=Cc1ccccc1B(O)O,Cc1ccccc1,O=C([O-])[O-].[K+].[K+],Pd,COc1ccc2ccccc2c1-c1c(P(C2CCCCC2)C2CCCCC2)ccc2ccccc12,50,P,0.95,0.93,2.354731548,doi.org/10.1021/ol402666p,from SI
146,CCOP(=O)(OCC)c1ccc2ccccc2c1Br,O=Cc1ccccc1B(O)O,Cc1ccccc1,CC(C)(C)[O-].[K+],Pd,COc1ccc2ccccc2c1-c1c(P(C2CCCCC2)C2CCCCC2)ccc2ccccc12,50,P,0.36,0.3,0.484482155,doi.org/10.1021/ol402666p,from SI
147,COc1ccc2ccccc2c1I,OB(O)c1cccc2ccccc12,ClCCCl,O=P([O-])([O-])[O-].[K+].[K+].[K+],Pd,c1ccc(-c2cccc(C3=N[C@@H](c4ccccc4)CO3)n2)cc1,80,"N,N,C",0.43,0.85,0.646075422,doi.org/10.1021/om400945d,
148,COc1ccc2ccccc2c1I,OB(O)c1cccc2ccccc12,ClCCCl,O=C([O-])[O-].[K+].[K+],Pd,c1ccc(-c2cccc(C3=N[C@@H](c4ccccc4)CO3)n2)cc1,80,"N,N,C",0.52,0.47,0.809657834,doi.org/10.1021/om400945d,
149,COc1ccc2ccccc2c1I,OB(O)c1cccc2ccccc12,ClCCCl,O=C([O-])[O-].[Cs+].[Cs+],Pd,c1ccc(-c2cccc(C3=N[C@@H](c4ccccc4)CO3)n2)cc1,80,"N,N,C",0.07,0.27,0.098499005,doi.org/10.1021/om400945d,
152,COc1ccc2ccccc2c1I,OB(O)c1cccc2ccccc12,ClCCCl,O=P([O-])([O-])[O-].[K+].[K+].[K+],Pd,c1ccc(-c2cccc(C3=N[C@@H](c4ccccc4)CO3)n2)cc1,50,"N,N,C",0.41,0.3,0.559972829,doi.org/10.1021/om400945d,
153,COc1ccc2ccccc2c1I,OB(O)c1cccc2ccccc12,ClCCCl,O=C([O-])[O-].[K+].[K+],Pd,c1ccc(-c2cccc(C3=N[C@@H](c4ccccc4)CO3)n2)cc1,80,"N,N,C",0.5,0.71,0.771680279,doi.org/10.1021/om400945d,
154,COc1ccc2ccccc2c1I,OB(O)c1cccc2ccccc12,ClCCCl,O=C([O-])[O-].[K+].[K+],Pd,CC(C)[C@H]1COC(c2cccc(-c3ccccc3)n2)=N1,80,"N,N,C",0.45,0.69,0.680920194,doi.org/10.1021/om400945d,
155,COc1ccc2ccccc2c1I,OB(O)c1cccc2ccccc12,ClCCCl,O=C([O-])[O-].[K+].[K+],Pd,CC(C)(C)[C@H]1COC(c2cccc(-c3ccccc3)n2)=N1,80,"N,N,C",0.32,0.76,0.465906919,doi.org/10.1021/om400945d,
156,COc1ccc2ccccc2c1I,OB(O)c1cccc2ccccc12,ClCCCl,O=C([O-])[O-].[K+].[K+],Pd,c1ccc(C[C@H]2COC(c3cccc(-c4ccccc4)n3)=N2)cc1,80,"N,N,C",0.31,0.73,0.450310948,doi.org/10.1021/om400945d,
157,COc1ccc2ccccc2c1I,OB(O)c1cccc2ccccc12,ClCCCl,O=C([O-])[O-].[K+].[K+],Pd,c1ccc(-c2cccc(C3=N[C@@H](c4ccccc4)[C@@H](c4ccccc4)O3)n2)cc1,80,"N,N,C",0.48,0.78,0.734702601,doi.org/10.1021/om400945d,
158,COc1ccc2ccccc2c1I,OB(O)c1cccc2ccccc12,ClCCCl,O=C([O-])[O-].[K+].[K+],Pd,c1ccc([C@H]2COC(c3cccc(-c4cccc5ccccc45)n3)=N2)cc1,80,"N,N,C",0.44,0.72,0.663402736,doi.org/10.1021/om400945d,
159,CC(C)(C)C(=O)Oc1ccc2ccccc2c1Br,OB(O)c1cccc2ccccc12,Cc1ccccc1.O,O=P([O-])([O-])[O-].[K+].[K+].[K+],Pd,COc1cccc(OC)c1-c1cccc2c1[P@](C(C)(C)C)[C@H](C)O2,25,P,0.72,0.97,1.076501302,doi.org/10.1021/ja409669r,
160,O=C(Oc1ccc2ccccc2c1Br)c1ccccc1,OB(O)c1cccc2ccccc12,Cc1ccccc1.O,O=P([O-])([O-])[O-].[K+].[K+].[K+],Pd,COc1cccc(OC)c1-c1cccc2c1[P@](C(C)(C)C)[C@H](C)O2,25,P,0.76,0.95,1.181548791,doi.org/10.1021/ja409669r,
161,O=C(Oc1ccc2ccccc2c1Br)c1cccc2ccccc12,OB(O)c1cccc2ccccc12,Cc1ccccc1.O,O=P([O-])([O-])[O-].[K+].[K+].[K+],Pd,COc1cccc(OC)c1-c1cccc2c1[P@](C(C)(C)C)[C@H](C)O2,25,P,0.76,0.96,1.181548791,doi.org/10.1021/ja409669r,
162,O=C1OCCN1C(=O)Oc1ccc2ccccc2c1Br,OB(O)c1cccc2ccccc12,Cc1ccccc1.O,O=P([O-])([O-])[O-].[K+].[K+].[K+],Pd,COc1cccc(OC)c1-c1cccc2c1[P@](C(C)(C)C)[C@H](C)O2,25,P,0.65,0.9,0.919533608,doi.org/10.1021/ja409669r,
163,O=P(Oc1ccc2ccccc2c1Br)(c1ccccc1)c1ccccc1,OB(O)c1cccc2ccccc12,Cc1ccccc1.O,O=P([O-])([O-])[O-].[K+].[K+].[K+],Pd,COc1cccc(OC)c1-c1cccc2c1[P@](C(C)(C)C)[C@H](C)O2,25,P,0.72,0.97,1.076501302,doi.org/10.1021/ja409669r,
164,O=C1OCCN1P(=O)(Oc1ccc2ccccc2c1Br)N1CCOC1=O,OB(O)c1cccc2ccccc12,Cc1ccccc1.O,O=P([O-])([O-])[O-].[K+].[K+].[K+],Pd,COc1cccc(OC)c1-c1cccc2c1[P@](C(C)(C)C)[C@H](C)O2,25,P,0.94,0.95,2.061392303,doi.org/10.1021/ja409669r,
165,O=C1OCCN1P(=O)(Oc1ccc2ccccc2c1Br)N1CCOC1=O,OB(O)c1cccc2ccccc12,Cc1ccccc1.O,O=P([O-])([O-])[O-].[K+].[K+].[K+],Pd,COc1cccc(OC)c1-c1cccc2c1[P@](C(C)(C)C)[C@H](C(C)C)O2,25,P,0.99,0.96,3.139029929,doi.org/10.1021/ja409669r,
166,O=C1OCCN1P(=O)(Oc1ccc2ccccc2c1Br)N1CCOC1=O,COc1cc(C)cc2c(B(O)O)ccc(OCc3ccccc3)c12,Cc1ccccc1.O,O=P([O-])([O-])[O-].[K+].[K+].[K+],Pd,COc1cccc(OC)c1-c1cccc2c1[P@](C(C)(C)C)[C@H](C(C)C)O2,25,P,0.93,0.95,1.966913329,doi.org/10.1021/ja409669r,
167,O=C1OCCN1P(=O)(Oc1ccc2ccccc2c1Br)N1CCOC1=O,OB(O)c1ccc2c3c(cccc13)CC2,Cc1ccccc1.O,O=P([O-])([O-])[O-].[K+].[K+].[K+],Pd,COc1cccc(OC)c1-c1cccc2c1[P@](C(C)(C)C)[C@H](C(C)C)O2,25,P,0.92,0.94,1.884646061,doi.org/10.1021/ja409669r,
168,O=Cc1cccc(OP(=O)(N2CCOC2=O)N2CCOC2=O)c1Br,OB(O)c1cccc2ccccc12,Cc1ccccc1.O,O=P([O-])([O-])[O-].[K+].[K+].[K+],Pd,COc1cccc(OC)c1-c1cccc2c1[P@](C(C)(C)C)[C@H](C(C)C)O2,25,P,0.91,0.98,1.811701781,doi.org/10.1021/ja409669r,
169,O=C1OCCN1P(=O)(Oc1ccc2ccccc2c1Br)N1CCOC1=O,O=Cc1ccccc1B(O)O,CCCCO.O,O=C([O-])[O-].[K+].[K+],Pd,COc1cccc(OC)c1-c1cccc2c1[P@](C(C)(C)C)[C@H](C)O2,25,P,0.9,0.95,1.746108034,doi.org/10.1021/ja409669r,
170,O=Cc1cccc(OP(=O)(N2CCOC2=O)N2CCOC2=O)c1Br,OB(O)c1ccccc1-c1ccccc1,Cc1ccccc1.O,O=P([O-])([O-])[O-].[K+].[K+].[K+],Pd,COc1cccc(OC)c1-c1cccc2c1[P@](C(C)(C)C)[C@H](C)O2,25,P,0.9,0.91,1.746108034,doi.org/10.1021/ja409669r,
172,COc1ccc2ccccc2c1Br,OB(O)c1cccc2ccccc12,Cc1ccccc1,O=C([O-])[O-].[Cs+].[Cs+],Pd,C(=N/N1[C@H](c2ccccc2)CC[C@H]1c1ccccc1)\c1ccccn1,80,"N,N",0.7,0.65,1.218407476,doi.org/10.1016/j.tet.2015.12.053,
174,COc1ccc2ccccc2c1Br,OB(O)c1cccc2ccccc12,Cc1ccccc1,O=C([O-])[O-].[Cs+].[Cs+],Pd,CC(C)[C@@H]1CC[C@@H](c2ccccc2)N1/N=C/c1ccccn1,80,"N,N",0.26,0.5,0.37383636,doi.org/10.1016/j.tet.2015.12.053,
175,COc1ccc2ccccc2c1Br,OB(O)c1cccc2ccccc12,Cc1ccccc1,O=C([O-])[O-].[Cs+].[Cs+],Pd,COc1ccnc(/C=N/N2[C@H](c3ccccc3)CC[C@H]2c2ccccc2)c1,80,"N,N",0.68,0.36,1.164762053,doi.org/10.1016/j.tet.2015.12.053,
176,COc1ccc2ccccc2c1Br,OB(O)c1cccc2ccccc12,Cc1ccccc1,O=C([O-])[O-].[Cs+].[Cs+],Pd,CN(C)c1ccnc(/C=N/N2[C@H](c3ccccc3)CC[C@H]2c2ccccc2)c1,80,"N,N",0.64,0.35,1.06510319,doi.org/10.1016/j.tet.2015.12.053,
177,COc1ccc2ccccc2c1Br,OB(O)c1cccc2ccccc12,Cc1ccccc1,O=C([O-])[O-].[Cs+].[Cs+],Pd,Clc1ccnc(/C=N/N2[C@H](c3ccccc3)CC[C@H]2c2ccccc2)c1,80,"N,N",0.68,0.55,1.164762053,doi.org/10.1016/j.tet.2015.12.053,
178,COc1ccc2ccccc2c1Br,OB(O)c1cccc2ccccc12,Cc1ccccc1,O=C([O-])[O-].[Cs+].[Cs+],Pd,COC(=O)c1ccc(/C=N/N2[C@H](c3ccccc3)CC[C@H]2c2ccccc2)nc1,80,"N,N",0.68,0.5,1.164762053,doi.org/10.1016/j.tet.2015.12.053,
179,COc1ccc2ccccc2c1Br,OB(O)c1cccc2ccccc12,Cc1ccccc1,O=C([O-])[O-].[Cs+].[Cs+],Pd,Cc1cccc(/C=N/N2[C@H](c3ccccc3)CC[C@H]2c2ccccc2)n1,80,"N,N",0.6,0.6,0.973752096,doi.org/10.1016/j.tet.2015.12.053,
180,COc1ccc2ccccc2c1Br,OB(O)c1cccc2ccccc12,Cc1ccccc1,O=C([O-])[O-].[Cs+].[Cs+],Pd,C(=N/N1[C@H](c2ccccc2)CC[C@H]1c1ccccc1)\c1cccc(-c2ccccc2)n1,80,"N,N",0.18,0.5,0.255654253,doi.org/10.1016/j.tet.2015.12.053,
181,COc1ccc2ccccc2c1Br,OB(O)c1cccc2ccccc12,Cc1ccccc1,O=C([O-])[O-].[Cs+].[Cs+],Pd,COc1ccc(-c2cccc(/C=N/N3[C@H](c4ccccc4)CC[C@H]3c3ccccc3)n2)cc1,80,"N,N",0.36,0.95,0.529459611,doi.org/10.1016/j.tet.2015.12.053,
182,COc1ccc2ccccc2c1Br,OB(O)c1cccc2ccccc12,Cc1ccccc1,O=C([O-])[O-].[Cs+].[Cs+],Pd,Fc1ccc(-c2cccc(/C=N/N3[C@H](c4ccccc4)CC[C@H]3c3ccccc3)n2)cc1,80,"N,N",0.36,0.62,0.529459611,doi.org/10.1016/j.tet.2015.12.053,
183,COc1ccc2ccccc2c1Br,OB(O)c1cccc2ccccc12,Cc1ccccc1,O=C([O-])[O-].[Cs+].[Cs+],Pd,Cc1cccc(C)c1-c1cccc(/C=N/N2[C@H](c3ccccc3)CC[C@H]2c2ccccc2)n1,80,"N,N",0.16,0.95,0.22672044,doi.org/10.1016/j.tet.2015.12.053,
184,COc1ccc2ccccc2c1Br,OB(O)c1cccc2ccccc12,Cc1ccccc1,O=C([O-])[O-].[Cs+].[Cs+],Pd,Cc1ccc(-c2cccc(/C=N/N3[C@H](c4ccccc4)CC[C@H]3c3ccccc3)n2)cc1,80,"N,N",0.22,0.65,0.314198212,doi.org/10.1016/j.tet.2015.12.053,
185,COc1ccc2ccccc2c1Br,OB(O)c1cccc2ccccc12,Cc1ccccc1,O=C([O-])[O-].[Cs+].[Cs+],Pd,FC(F)(F)c1cc(-c2cccc(/C=N/N3[C@H](c4ccccc4)CC[C@H]3c3ccccc3)n2)cc(C(F)(F)F)c1,80,"N,N",0.3,0.85,0.434821596,doi.org/10.1016/j.tet.2015.12.053,
186,COc1ccc2ccccc2c1Br,OB(O)c1cccc2ccccc12,Cc1ccccc1,O=C([O-])[O-].[Cs+].[Cs+],Pd,C(=N/N1[C@H](c2ccccc2)CC[C@H]1c1ccccc1)\c1cccc(-c2ccc3c(c2)OCO3)n1,80,"N,N",0.12,0.82,0.169395523,doi.org/10.1016/j.tet.2015.12.053,
187,COc1ccc2ccccc2c1Br,OB(O)c1cccc2ccccc12,Cc1ccccc1,O=C([O-])[O-].[Cs+].[Cs+],Pd,C(=N/N1[C@H](c2ccccc2)CC[C@H]1c1ccccc1)\c1ccccn1,80,"N,N",0.68,0.7,1.164762053,doi.org/10.1016/j.tet.2015.12.053,
188,COc1ccc2ccccc2c1Br,OB(O)c1cccc2ccccc12,Cc1ccccc1,O=C([O-])[O-].[Cs+].[Cs+],Pd,COc1ccnc(/C=N/N2[C@H](c3ccccc3)CC[C@H]2c2ccccc2)c1,80,"N,N",0.68,0.6,1.164762053,doi.org/10.1016/j.tet.2015.12.053,
189,COc1ccc2ccccc2c1Br,OB(O)c1cccc2ccccc12,Cc1ccccc1,O=C([O-])[O-].[Cs+].[Cs+],Pd,FC(F)(F)c1cc(-c2cccc(/C=N/N3[C@H](c4ccccc4)CC[C@H]3c3ccccc3)n2)cc(C(F)(F)F)c1,80,"N,N",0.3,0.9,0.434821596,doi.org/10.1016/j.tet.2015.12.053,
191,COc1ccc2ccccc2c1Br,OB(O)c1cccc2ccccc12,Cc1ccccc1,O=C([O-])[O-].[Cs+].[Cs+],Pd,C(=N/N1[C@H](c2ccccc2)CC[C@H]1c1ccccc1)\c1ccccn1,80,"N,N",0.9,0.54,2.068214161,doi.org/10.1016/j.tet.2015.12.053,
192,COc1ccc2ccccc2c1Br,OB(O)c1cccc2ccccc12,Cc1ccccc1,CC(C)(C)[O-].[K+],Pd,C(=N/N1[C@H](c2ccccc2)CC[C@H]1c1ccccc1)\c1ccccn1,80,"N,N",0.82,0.16,1.625128779,doi.org/10.1016/j.tet.2015.12.053,
193,COc1ccc2ccccc2c1Br,OB(O)c1cccc2ccccc12,Cc1ccccc1,[Ba+2].[OH-].[OH-],Pd,C(=N/N1[C@H](c2ccccc2)CC[C@H]1c1ccccc1)\c1ccccn1,80,"N,N",0.68,0.4,1.164762053,doi.org/10.1016/j.tet.2015.12.053,
194,COc1ccc2ccccc2c1Br,OB(O)c1cccc2ccccc12,Cc1ccccc1,O=P([O-])([O-])[O-].[K+].[K+].[K+],Pd,C(=N/N1[C@H](c2ccccc2)CC[C@H]1c1ccccc1)\c1ccccn1,80,"N,N",0.8,0.44,1.543360558,doi.org/10.1016/j.tet.2015.12.053,
195,COc1ccc2ccccc2c1Br,OB(O)c1cccc2ccccc12,Cc1ccccc1,[Cs+].[F-],Pd,C(=N/N1[C@H](c2ccccc2)CC[C@H]1c1ccccc1)\c1ccccn1,80,"N,N",0.88,0.71,1.932715991,doi.org/10.1016/j.tet.2015.12.053,
196,COc1ccc2ccccc2c1Br,OB(O)c1cccc2ccccc12,ClCCCl,O=C([O-])[O-].[Cs+].[Cs+],Pd,C(=N/N1[C@H](c2ccccc2)CC[C@H]1c1ccccc1)\c1ccccn1,80,"N,N",0.86,0.26,1.81692593,doi.org/10.1016/j.tet.2015.12.053,
197,COc1ccc2ccccc2c1Br,OB(O)c1cccc2ccccc12,C1COCCO1,O=C([O-])[O-].[Cs+].[Cs+],Pd,C(=N/N1[C@H](c2ccccc2)CC[C@H]1c1ccccc1)\c1ccccn1,80,"N,N",0.82,0.6,1.625128779,doi.org/10.1016/j.tet.2015.12.053,
198,COc1ccc2ccccc2c1Br,OB(O)c1cccc2ccccc12,CO,O=C([O-])[O-].[Cs+].[Cs+],Pd,C(=N/N1[C@H](c2ccccc2)CC[C@H]1c1ccccc1)\c1ccccn1,80,"N,N",0.84,0.32,1.715537921,doi.org/10.1016/j.tet.2015.12.053,
199,COc1ccc2ccccc2c1Br,OB(O)c1cccc2ccccc12,O,O=C([O-])[O-].[Cs+].[Cs+],Pd,C(=N/N1[C@H](c2ccccc2)CC[C@H]1c1ccccc1)\c1ccccn1,80,"N,N",0.5,0.42,0.771680279,doi.org/10.1016/j.tet.2015.12.053,
200,COc1ccc2ccccc2c1Br,OB(O)c1cccc2ccccc12,Cc1ccccc1.O,O=C([O-])[O-].[Cs+].[Cs+],Pd,C(=N/N1[C@H](c2ccccc2)CC[C@H]1c1ccccc1)\c1ccccn1,80,"N,N",0.88,0.99,1.932715991,doi.org/10.1016/j.tet.2015.12.053,
201,COc1ccc2ccccc2c1Br,OB(O)c1cccc2ccccc12,Cc1ccccc1.O,[Cs+].[F-],Pd,C(=N/N1[C@H](c2ccccc2)CC[C@H]1c1ccccc1)\c1ccccn1,80,"N,N",0.86,0.93,1.81692593,doi.org/10.1016/j.tet.2015.12.053,
202,COc1ccc2ccccc2c1Br,OB(O)c1cccc2ccccc12,Cc1ccccc1.O,O=C([O-])[O-].[Cs+].[Cs+],Pd,C(=N/N1[C@@H](c2ccccc2)CC[C@@H]1c1ccccc1)\c1ccccn1,80,"N,N",0.82,0.99,1.625128779,doi.org/10.1016/j.tet.2015.12.053,
203,COc1cc2ccccc2c(Br)c1OC,OB(O)c1cccc2ccccc12,Cc1ccccc1.O,O=C([O-])[O-].[Cs+].[Cs+],Pd,C(=N/N1[C@H](c2ccccc2)CC[C@H]1c1ccccc1)\c1ccccn1,80,"N,N",0.88,0.99,1.932715991,doi.org/10.1016/j.tet.2015.12.053,
204,O=S(=O)(Oc1ccc2ccccc2c1Br)C(F)(F)F,OB(O)c1cccc2ccccc12,Cc1ccccc1.O,O=C([O-])[O-].[K+].[K+],Pd,COc1cccc(OC)c1-c1cccc2c1[P@](C(C)(C)C)[C@@H](C)O2,35,P,0.87,0.81,1.634112674,doi.org/10.1016/j.tet.2015.12.053,
205,O=S(=O)(Oc1ccc2ccccc2c1Br)C(F)(F)F,OB(O)c1cccc2ccccc12,Cc1ccccc1.O,O=C([O-])[O-].[Cs+].[Cs+],Pd,COc1cccc(OC)c1-c1cccc2c1[P@](C(C)(C)C)[C@@H](C)O2,35,P,0.87,0.85,1.634112674,doi.org/10.1016/j.tet.2015.12.053,
206,O=S(=O)(Oc1ccc2ccccc2c1Br)C(F)(F)F,OB(O)c1cccc2ccccc12,Cc1ccccc1.O,O=P([O-])([O-])[O-].[K+].[K+].[K+],Pd,COc1cccc(OC)c1-c1cccc2c1[P@](C(C)(C)C)[C@@H](C)O2,35,P,0.88,0.92,1.686440415,doi.org/10.1016/j.tet.2015.12.053,
207,O=S(=O)(Oc1ccc2ccccc2c1Br)C(F)(F)F,OB(O)c1cccc2ccccc12,Fc1c(F)c(F)c(F)c(F)c1F,O=P([O-])([O-])[O-].[K+].[K+].[K+],Pd,COc1cccc(OC)c1-c1cccc2c1[P@](C(C)(C)C)[C@@H](C)O2,35,P,0.88,0.1,1.686440415,doi.org/10.1016/j.tet.2015.12.053,
209,O=S(=O)(Oc1ccc2ccccc2c1Br)C(F)(F)F,OB(O)c1cccc2ccccc12,Cc1ccccc1,O=P([O-])([O-])[O-].[K+].[K+].[K+],Pd,COc1cccc(OC)c1-c1cccc2c1[P@](C(C)(C)C)[C@@H](C)O2,35,P,0.88,0.98,1.686440415,doi.org/10.1016/j.tet.2015.12.053,
210,O=S(=O)(Oc1ccc2ccccc2c1Br)C(F)(F)F,OB(O)c1cccc2ccccc12,Cc1ccccc1,O=P([O-])([O-])[O-].[K+].[K+].[K+],Pd,COc1cccc(OC)c1-c1cccc2c1[P@](C(C)(C)C)[C@@H]([Si](C)(C)C)O2,35,P,0.89,0.92,1.743021974,doi.org/10.1016/j.tet.2015.12.053,
211,O=S(=O)(Oc1ccc2ccccc2c1Br)C(F)(F)F,OB(O)c1cccc2ccccc12,Cc1ccccc1,O=P([O-])([O-])[O-].[K+].[K+].[K+],Pd,COc1cccc(OC)c1-c1cccc2c1[P@](C(C)(C)C)[C@@H](C(C)C)O2,35,P,0.88,0.96,1.686440415,doi.org/10.1016/j.tet.2015.12.053,
212,O=S(=O)(Oc1ccc2ccccc2c1Br)C(F)(F)F,OB(O)c1cccc2ccccc12,Cc1ccccc1,O=P([O-])([O-])[O-].[K+].[K+].[K+],Pd,COc1cccc(OC)c1-c1cccc2c1[P@](C(C)(C)C)[C@@H](C)O2,30,P,0.91,0.98,1.842084168,doi.org/10.1016/j.tet.2015.12.053,
213,O=S(=O)(Oc1ccc2ccccc2c1Br)C(F)(F)F,OB(O)c1cccc2ccccc12,Cc1ccccc1,O=P([O-])([O-])[O-].[K+].[K+].[K+],Pd,COc1cccc(OC)c1-c1cccc2c1[P@](C(C)(C)C)[C@@H](C)O2,25,P,0.9,0.92,1.746108034,doi.org/10.1016/j.tet.2015.12.053,
214,COc1ccc2ccccc2c1Br,OB(O)c1cccc2ccccc12,CCO,O=C([O-])[O-].[K+].[K+],Pd,Cc1cc(C(C)c2ccccc2)c(N2[C]N(c3c(C(C)c4ccccc4)cc(C)cc3[C@@H](C)c3ccccc3)C3=C2c2cccc4cccc3c24)c(C(C)c2ccccc2)c1,30,C,0.44,0.99,0.569476255,doi.org/10.1021/jacs.9b08578,from SI
215,COc1ccc2ccccc2c1Br,OB(O)c1cccc2ccccc12,CCO,O=C([O-])[O-].[K+].[K+],Pd,Cc1cc(C)cc(C(C)c2cc(C)cc(C(C)c3cc(C)cc(C)c3)c2N2[C]N(c3c(C(C)c4cc(C)cc(C)c4)cc(C)cc3[C@@H](C)c3cc(C)cc(C)c3)C3=C2c2cccc4cccc3c24)c1,30,C,0.74,0.89,1.146209507,doi.org/10.1021/jacs.9b08578,from SI
216,COc1ccc2ccccc2c1Br,OB(O)c1cccc2ccccc12,CCO,O=C([O-])[O-].[K+].[K+],Pd,Cc1cc(C(C)c2cc(C(C)(C)C)cc(C(C)(C)C)c2)c(N2[C]N(c3c(C(C)c4cc(C(C)(C)C)cc(C(C)(C)C)c4)cc(C)cc3[C@@H](C)c3cc(C(C)(C)C)cc(C(C)(C)C)c3)C3=C2c2cccc4cccc3c24)c(C(C)c2cc(C(C)(C)C)cc(C(C)(C)C)c2)c1,30,C,0.8,0.7,1.324847099,doi.org/10.1021/jacs.9b08578,from SI
217,COc1ccc2ccccc2c1Br,OB(O)c1cccc2ccccc12,CCO,O=C([O-])[O-].[K+].[K+],Pd,Cc1cc(C(C)c2ccccc2)c(N2[C]N(c3c(C(C)c4ccccc4)cc(C)cc3[C@@H](C)c3ccccc3)CC2)c(C(C)c2ccccc2)c1,30,C,0.54,0.98,0.728568037,doi.org/10.1021/jacs.9b08578,from SI
218,COc1ccc2ccccc2c1Br,OB(O)c1cccc2ccccc12,CCO,O=C([O-])[O-].[K+].[K+],Pd,Cc1cc(C)cc(C(C)c2cc(C)cc(C(C)c3cc(C)cc(C)c3)c2N2[C]N(c3c(C(C)c4cc(C)cc(C)c4)cc(C)cc3[C@@H](C)c3cc(C)cc(C)c3)CC2)c1,30,C,0.84,0.72,1.472647092,doi.org/10.1021/jacs.9b08578,from SI
219,COc1ccc2ccccc2c1Br,OB(O)c1cccc2ccccc12,CCO,O=C([O-])[O-].[K+].[K+],Pd,Cc1cc(C(C)c2cc(C(C)(C)C)cc(C(C)(C)C)c2)c(N2[C]N(c3c(C(C)c4cc(C(C)(C)C)cc(C(C)(C)C)c4)cc(C)cc3[C@@H](C)c3cc(C(C)(C)C)cc(C(C)(C)C)c3)CC2)c(C(C)c2cc(C(C)(C)C)cc(C(C)(C)C)c2)c1,30,C,0.96,0.66,2.346627143,doi.org/10.1021/jacs.9b08578,from SI
220,COc1ccc2ccccc2c1Br,OB(O)c1cccc2ccccc12,CCO,O=C([O-])[O-].[K+].[K+],Pd,Cc1cc(C(C)c2ccccc2)c(N2[C]N(c3c(C(C)c4ccccc4)cc(C)cc3[C@@H](C)c3ccccc3)C=C2)c(C(C)c2ccccc2)c1,30,C,0.4,0.99,0.510890022,doi.org/10.1021/jacs.9b08578,from SI
222,COc1ccc2ccccc2c1Br,OB(O)c1cccc2ccccc12,CC(C)O,O=C([O-])[O-].[K+].[K+],Pd,Cc1cc(C(C)c2cc(C(C)(C)C)cc(C(C)(C)C)c2)c(N2[C]N(c3c(C(C)c4cc(C(C)(C)C)cc(C(C)(C)C)c4)cc(C)cc3[C@@H](C)c3cc(C(C)(C)C)cc(C(C)(C)C)c3)CC2)c(C(C)c2cc(C(C)(C)C)cc(C(C)(C)C)c2)c1,30,C,0.94,0.73,2.095962021,doi.org/10.1021/jacs.9b08578,from SI
223,COc1ccc2ccccc2c1Br,OB(O)c1cccc2ccccc12,CC(C)(C)O,O=C([O-])[O-].[K+].[K+],Pd,Cc1cc(C(C)c2cc(C(C)(C)C)cc(C(C)(C)C)c2)c(N2[C]N(c3c(C(C)c4cc(C(C)(C)C)cc(C(C)(C)C)c4)cc(C)cc3[C@@H](C)c3cc(C(C)(C)C)cc(C(C)(C)C)c3)CC2)c(C(C)c2cc(C(C)(C)C)cc(C(C)(C)C)c2)c1,30,C,0.98,0.76,2.770691384,doi.org/10.1021/jacs.9b08578,from SI
224,COc1ccc2ccccc2c1Br,OB(O)c1cccc2ccccc12,Cc1ccccc1,O=C([O-])[O-].[K+].[K+],Pd,Cc1cc(C(C)c2cc(C(C)(C)C)cc(C(C)(C)C)c2)c(N2[C]N(c3c(C(C)c4cc(C(C)(C)C)cc(C(C)(C)C)c4)cc(C)cc3[C@@H](C)c3cc(C(C)(C)C)cc(C(C)(C)C)c3)CC2)c(C(C)c2cc(C(C)(C)C)cc(C(C)(C)C)c2)c1,30,C,0.9,0.59,1.775390409,doi.org/10.1021/jacs.9b08578,from SI
227,COc1ccc2ccccc2c1Br,OB(O)c1cccc2ccccc12,CC(C)(C)O,CC(C)(C)[O-].[K+],Pd,Cc1cc(C(C)c2cc(C(C)(C)C)cc(C(C)(C)C)c2)c(N2[C]N(c3c(C(C)c4cc(C(C)(C)C)cc(C(C)(C)C)c4)cc(C)cc3[C@@H](C)c3cc(C(C)(C)C)cc(C(C)(C)C)c3)CC2)c(C(C)c2cc(C(C)(C)C)cc(C(C)(C)C)c2)c1,30,C,0.97,0.45,2.523157573,doi.org/10.1021/jacs.9b08578,from SI
229,COc1ccc2ccccc2c1Br,OB(O)c1cccc2ccccc12,CC(C)(C)O,[K+].[OH-],Pd,Cc1cc(C(C)c2cc(C(C)(C)C)cc(C(C)(C)C)c2)c(N2[C]N(c3c(C(C)c4cc(C(C)(C)C)cc(C(C)(C)C)c4)cc(C)cc3[C@@H](C)c3cc(C(C)(C)C)cc(C(C)(C)C)c3)CC2)c(C(C)c2cc(C(C)(C)C)cc(C(C)(C)C)c2)c1,30,C,0.97,0.98,2.523157573,doi.org/10.1021/jacs.9b08578,from SI
231,COc1ccc2ccccc2c1Br,OB(O)c1cccc2ccccc12,CC(C)(C)O,O=P([O-])([O-])[O-].[K+].[K+].[K+],Pd,Cc1cc(C(C)c2cc(C(C)(C)C)cc(C(C)(C)C)c2)c(N2[C]N(c3c(C(C)c4cc(C(C)(C)C)cc(C(C)(C)C)c4)cc(C)cc3[C@@H](C)c3cc(C(C)(C)C)cc(C(C)(C)C)c3)CC2)c(C(C)c2cc(C(C)(C)C)cc(C(C)(C)C)c2)c1,30,C,0.96,0.98,2.346627143,doi.org/10.1021/jacs.9b08578,from SI
232,COc1ccc2ccccc2c1Br,OB(O)c1cccc2ccccc12,CC(C)(C)O,C[O-].[K+],Pd,Cc1cc(C(C)c2cc(C(C)(C)C)cc(C(C)(C)C)c2)c(N2[C]N(c3c(C(C)c4cc(C(C)(C)C)cc(C(C)(C)C)c4)cc(C)cc3[C@@H](C)c3cc(C(C)(C)C)cc(C(C)(C)C)c3)CC2)c(C(C)c2cc(C(C)(C)C)cc(C(C)(C)C)c2)c1,30,C,0.97,0.19,2.523157573,doi.org/10.1021/jacs.9b08578,from SI
233,COc1cccc(C=O)c1Br,COc1ccc(C=O)c([B-](F)(F)F)c1OC.[K+],Cc1ccccc1.O,O=P([O-])([O-])[O-].[K+].[K+].[K+],Pd,COc1cccc(OC)c1-c1cccc2c1[P@](C(C)(C)C)CO2,60,P,0.3,0.68,0.410196276,doi.org/10.1021/jacs.0c02686,
234,COc1cccc(C=O)c1Br,COc1ccc(C=O)c([B-](F)(F)F)c1OC.[K+],Cc1ccccc1.O,O=P([O-])([O-])[O-].[K+].[K+].[K+],Pd,COc1cccc(OC)c1-c1cccc2c1[P@](C(C)(C)C)[C@@H](C(C)C)O2,60,P,0.45,0.73,0.642357532,doi.org/10.1021/jacs.0c02687,
235,COc1cccc(C=O)c1Br,COc1ccc(C=O)c([B-](F)(F)F)c1OC.[K+],Cc1ccccc1.O,O=P([O-])([O-])[O-].[K+].[K+].[K+],Pd,COc1cccc(OC)c1-c1cccc2c1[P@](C(C)(C)C)[C@@H](C(C)(C)O)O2,60,P,0.64,0.9,1.004783032,doi.org/10.1021/jacs.0c02688,
236,COc1cccc(C=O)c1Br,COc1ccc(C=O)c([B-](F)(F)F)c1OC.[K+],Cc1ccccc1.O,O=P([O-])([O-])[O-].[K+].[K+].[K+],Pd,COc1cccc(OC)c1-c1cccc2c1[P@](C(C)(C)C)[C@@H](C(C)(C)OC)O2,60,P,0.36,0.78,0.499474641,doi.org/10.1021/jacs.0c02689,
237,COc1cccc(C=O)c1Br,COc1ccc(C=O)c([B-](F)(F)F)c1OC.[K+],Cc1ccccc1.O,O=P([O-])([O-])[O-].[K+].[K+].[K+],Pd,COc1c(C(C)C)cc(C(C)C)c(OC)c1-c1cccc2c1[P@](C(C)(C)C)[C@@H](C(C)(C)O)O2,60,P,0.86,0.89,1.714027676,doi.org/10.1021/jacs.0c02690,
238,COc1cccc(C=O)c1Br,COc1ccc(C=O)c([B-](F)(F)F)c1OC.[K+],Cc1ccccc1.O,O=P([O-])([O-])[O-].[K+].[K+].[K+],Pd,COc1c(C2CCCC2)cc(C2CCCC2)c(OC)c1-c1cccc2c1[P@](C(C)(C)C)[C@@H](C(C)(C)O)O2,60,P,0.92,0.93,2.105885746,doi.org/10.1021/jacs.0c02691,
253,Cc1ccc2ccccc2c1I,Cc1ccc2ccccc2c1B1OC(C)(C)C(C)(C)O1,COCCOC,[Cs+].[F-],Pd,c1ccc(P(c2ccccc2)c2ccc3ccccc3c2-c2c(P(c3ccccc3)c3ccccc3)ccc3ccccc23)cc1,50,P,0.1,0.17,0.128979846,doi.org/10.1016/j.tet.2003.11.095,
254,Cc1ccc2ccccc2c1I,Cc1ccc2ccccc2c1B1OCCO1,COCCOC,[Cs+].[F-],Pd,c1ccc(P(c2ccccc2)c2ccc3ccccc3c2-c2c(P(c3ccccc3)c3ccccc3)ccc3ccccc23)cc1,50,P,0.14,0.21,0.181158082,doi.org/10.1016/j.tet.2003.11.095,
255,Cc1ccc2ccccc2c1I,Cc1ccc2ccccc2c1B1OCCO1,COCCOC,[Cs+].[F-],Pd,C[C@H](N(C)C)C12C3C4[C@@H]5C1(P(c1ccccc1)c1ccccc1)[Fe]43521678C2C1C6(P(c1ccccc1)c1ccccc1)C7[C@H]28,50,P,0.17,0.13,0.220675369,doi.org/10.1016/j.tet.2003.11.095,
256,Cc1ccc2ccccc2c1I,Cc1ccc2ccccc2c1B1OCCO1,COCCOC,[Cs+].[F-],Pd,C[C@H](N(C)C)C12C3C4[C@@H]5C1(P(c1ccccc1)c1ccccc1)[Fe]43521678C2C1C6C7C28,50,"P,P",0.85,0.5,1.614768873,doi.org/10.1016/j.tet.2003.11.095,
258,Ic1cccc2ccccc12,Cc1ccc2ccccc2c1B(O)O,COCCOC.O,[Ba+2].[OH-].[OH-],Pd,C[C@H](N(C)C)C12C3C4[C@@H]5C1(P(c1ccccc1)c1ccccc1)[Fe]43521678C2C1C6(P(c1ccccc1)c1ccccc1)C7[C@H]28,50,"P,P",0.04,0.73,0.051446954,doi.org/10.1016/j.tet.2003.11.095,
259,Ic1cccc2ccccc12,Cc1ccc2ccccc2c1B(O)O,COCCOC.O,[Ba+2].[OH-].[OH-],Pd,CO[C@@H](C)C12C3C4[C@@H]5C1(P(c1ccccc1)c1ccccc1)[Fe]43521678C2C1C6C7C28,50,P,0.14,0.74,0.181158082,doi.org/10.1016/j.tet.2003.11.095,
260,Ic1cccc2ccccc12,Cc1ccc2ccccc2c1B(O)O,CCO.Cc1ccccc1.O,[Ba+2].[OH-].[OH-],Pd,c1ccc(P(c2ccccc2)c2ccc3ccccc3c2-c2c(P(c3ccccc3)c3ccccc3)ccc3ccccc23)cc1,50,P,0.08,0.47,0.103059245,doi.org/10.1016/j.tet.2003.11.095,
261,Ic1cccc2ccccc12,Cc1ccc2ccccc2c1B(O)O,COCCOC,[Cs+].[F-],Pd,c1ccc(P(c2ccccc2)c2ccc3ccccc3c2-c2c(P(c3ccccc3)c3ccccc3)ccc3ccccc23)cc1,50,"N,N",0.21,0.43,0.274029124,doi.org/10.1016/j.tet.2003.11.095,
262,Ic1cccc2ccccc12,Cc1ccc2ccccc2c1B(O)O,COCCOC.O,[Ba+2].[OH-].[OH-],Pd,c1ccc(P(c2ccccc2)c2ccc3ccccc3c2-c2c(P(c3ccccc3)c3ccccc3)ccc3ccccc23)cc1,50,P,0.25,0.55,0.328330005,doi.org/10.1016/j.tet.2003.11.095,
263,Ic1cccc2ccccc12,Cc1ccc2ccccc2c1B(O)O,CCO.Cc1ccccc1.O,[Ba+2].[OH-].[OH-],Pd,C[C@H](N(C)C)C12C3C4[C@@H]5C1(P(c1ccccc1)c1ccccc1)[Fe]43521678C2C1C6C7C28,50,P,0.52,0.45,0.740877613,doi.org/10.1016/j.tet.2003.11.095,
264,Ic1cccc2ccccc12,Cc1ccc2ccccc2c1B(O)O,COCCOC,[Cs+].[F-],Pd,C[C@H](N(C)C)C12C3C4[C@@H]5C1(P(c1ccccc1)c1ccccc1)[Fe]43521678C2C1C6C7C28,50,"P,P",0.55,0.44,0.794921515,doi.org/10.1016/j.tet.2003.11.095,
265,Ic1cccc2ccccc12,Cc1ccc2ccccc2c1B(O)O,COCCOC.O,[Ba+2].[OH-].[OH-],Pd,C[C@H](N(C)C)C12C3C4[C@@H]5C1(P(c1ccccc1)c1ccccc1)[Fe]43521678C2C1C6C7C28,50,"P,P",0.63,0.44,0.953081265,doi.org/10.1016/j.tet.2003.11.095,
269,Cc1ccc2ccccc2c1Br,OB(O)c1cccc2ccccc12,Cc1ccccc1,O=C([O-])[O-].[Cs+].[Cs+],Pd,Cc1ccc(COCC23[C@H]4C5C6C2(P(c2ccccc2)c2ccccc2)[Fe]56432789C3C2C7C8C39)cc1,40,P,0.1,0.81,0.124988516,doi.org/10.1016/j.jorganchem.2014.09.027,
270,Cc1ccc2ccccc2c1Br,OB(O)c1cccc2ccccc12,Cc1ccccc1,O=C([O-])[O-].[Cs+].[Cs+],Pd,Cc1ccc(COCC23[C@H]4C5C6C2(P(c2ccccc2)c2ccccc2)[Fe]56432789C3C2C7C8C39)cc1,50,P,0.11,0.88,0.141978142,doi.org/10.1016/j.jorganchem.2014.09.027,
271,Cc1ccc2ccccc2c1Br,OB(O)c1cccc2ccccc12,Cc1ccccc1,O=C([O-])[O-].[Cs+].[Cs+],Pd,Cc1ccc(COCC23[C@H]4C5C6C2(P(c2ccccc2)c2ccccc2)[Fe]56432789C3C2C7C8C39)cc1,60,P,0.12,1.0,0.15980212,doi.org/10.1016/j.jorganchem.2014.09.027,
272,Cc1ccc2ccccc2c1Br,OB(O)c1cccc2ccccc12,Cc1ccccc1,O=C([O-])[O-].[Cs+].[Cs+],Pd,CC(C)[C@@H]1CC[C@@H](C)C[C@H]1OCC12[C@H]3C4C5C1(P(c1ccccc1)c1ccccc1)[Fe]45321678C2C1C6C7C28,40,P,0.37,0.75,0.483861647,doi.org/10.1016/j.jorganchem.2014.09.027,
273,Cc1ccc2ccccc2c1Br,OB(O)c1cccc2ccccc12,Cc1ccccc1,O=C([O-])[O-].[Cs+].[Cs+],Pd,CC(C)[C@@H]1CC[C@@H](C)C[C@H]1OCC12[C@H]3C4C5C1(P(c1ccccc1)c1ccccc1)[Fe]45321678C2C1C6C7C28,50,P,0.27,0.87,0.355905013,doi.org/10.1016/j.jorganchem.2014.09.027,
274,Cc1ccc2ccccc2c1Br,OB(O)c1cccc2ccccc12,Cc1ccccc1,O=C([O-])[O-].[Cs+].[Cs+],Pd,CC(C)[C@@H]1CC[C@@H](C)C[C@H]1OCC12[C@H]3C4C5C1(P(c1ccccc1)c1ccccc1)[Fe]45321678C2C1C6C7C28,60,P,0.26,0.99,0.352664826,doi.org/10.1016/j.jorganchem.2014.09.027,
275,CC(C)(NC(=O)c1ccncc1Br)c1ccccc1,Cc1ccc2ccccc2c1B(O)O,COC,O=P([O-])([O-])[O-].[K+].[K+].[K+],Pd,COc1cccc2c1-c1c(cccc1P(c1ccccc1)c1ccccc1)O[C@@H](C)[C@H](C)O2,80,P,0.87,0.96,1.872746684,doi.org/10.1039/C8OB03048K,
276,CC(C)(NC(=O)c1ccncc1Br)c1ccccc1,Cc1ccc2ccccc2c1B(O)O,COC,O=P([O-])([O-])[O-].[K+].[K+].[K+],Pd,COc1cccc2c1-c1c(cccc1P(C1CCCCC1)C1CCCCC1)O[C@@H](C)[C@H](C)O2,80,P,0.85,0.91,1.764677789,doi.org/10.1039/C8OB03048K,
277,CC(C)(NC(=O)c1ccncc1Br)c1ccccc1,Cc1ccc2ccccc2c1B(O)O,COC,O=P([O-])([O-])[O-].[K+].[K+].[K+],Pd,COc1cccc2c1-c1c(cccc1P(c1ccc(C)cc1)c1ccc(C)cc1)O[C@@H](C)[C@H](C)O2,80,P,0.8,0.53,1.543360558,doi.org/10.1039/C8OB03048K,
278,CC(C)(NC(=O)c1ccncc1Br)c1ccccc1,Cc1ccc2ccccc2c1B(O)O,COC,O=P([O-])([O-])[O-].[K+].[K+].[K+],Pd,COc1cccc2c1-c1c(cccc1P(c1cc(C)cc(C)c1)c1cc(C)cc(C)c1)O[C@@H](C)[C@H](C)O2,80,P,0.78,0.58,1.468565107,doi.org/10.1039/C8OB03048K,
279,CC(C)(NC(=O)c1ccncc1Br)c1ccccc1,Cc1ccc2ccccc2c1B(O)O,COC,O=P([O-])([O-])[O-].[K+].[K+].[K+],Pd,COc1cccc2c1-c1c(cccc1P(c1cc(C(C)(C)C)cc(C(C)(C)C)c1)c1cc(C(C)(C)C)cc(C(C)(C)C)c1)O[C@@H](C)[C@H](C)O2,80,P,0.52,0.12,0.809657834,doi.org/10.1039/C8OB03048K,
280,CC(C)(NC(=O)c1ccncc1Br)c1ccccc1,Cc1ccc2ccccc2c1B(O)O,COC,O=P([O-])([O-])[O-].[K+].[K+].[K+],Pd,CCOc1cccc2c1-c1c(cccc1P(c1ccccc1)c1ccccc1)O[C@@H](C)[C@H](C)O2,80,P,0.73,0.95,1.304701575,doi.org/10.1039/C8OB03048K,
281,CC(C)(NC(=O)c1ccncc1Br)c1ccccc1,Cc1ccc2ccccc2c1B(O)O,COC,O=P([O-])([O-])[O-].[K+].[K+].[K+],Pd,CC(C)Oc1cccc2c1-c1c(cccc1P(c1ccccc1)c1ccccc1)O[C@@H](C)[C@H](C)O2,80,P,0.51,0.45,0.790538154,doi.org/10.1039/C8OB03048K,
282,CC(C)(NC(=O)c1ccncc1Br)c1ccccc1,Cc1ccc2ccccc2c1B(O)O,COC,O=P([O-])([O-])[O-].[K+].[K+].[K+],Pd,C[C@@H]1Oc2cccc(OCc3ccccc3)c2-c2c(cccc2P(c2ccccc2)c2ccccc2)O[C@H]1C,80,P,0.71,0.85,1.246340129,doi.org/10.1039/C8OB03048K,
287,CC(C)(NC(=O)c1ccncc1Br)c1ccccc1,Cc1ccc2ccccc2c1B(O)O,COC,O=P([O-])([O-])[O-].[K+].[K+].[K+],Pd,COc1ccc2ccccc2c1-c1c(P(c2ccccc2)c2ccccc2)ccc2ccccc12,80,P,0.35,0.95,0.51338537,doi.org/10.1039/C8OB03048K,
288,CC(C)(NC(=O)c1ccncc1Br)c1ccccc1,Cc1ccc2ccccc2c1B(O)O,COC,O=P([O-])([O-])[O-].[K+].[K+].[K+],Pd,COc1ccc2ccccc2c1-c1c(P(C2CCCCC2)C2CCCCC2)ccc2ccccc12,80,P,0.66,0.93,1.11376625,doi.org/10.1039/C8OB03048K,
289,CC(C)(NC(=O)c1ccncc1Br)c1ccccc1,Cc1ccc2ccccc2c1B(O)O,COC,O=P([O-])([O-])[O-].[K+].[K+].[K+],Pd,CN(C)c1ccc2ccccc2c1-c1c(P(C2CCCCC2)C2CCCCC2)ccc2ccccc12,80,P,0.7,0.85,1.218407476,doi.org/10.1039/C8OB03048K,
290,CC(C)(NC(=O)c1ccncc1Br)c1ccccc1,Cc1ccc2ccccc2c1B(O)O,COC,O=P([O-])([O-])[O-].[K+].[K+].[K+],Pd,COc1cccc2c1-c1c(cccc1P(c1ccccc1)c1ccccc1)O[C@@H](C)[C@H](C)O2,80,P,0.87,0.96,1.872746684,doi.org/10.1039/C8OB03048K,
291,CC(C)(NC(=O)c1ccncc1Br)c1ccccc1,Cc1ccc2ccccc2c1B(O)O,COC,O=P([O-])([O-])[O-].[K+].[K+].[K+],Pd,COc1cccc2c1-c1c(cccc1P(c1ccccc1)c1ccccc1)O[C@@H](C)[C@H](C)O2,80,P,0.83,0.87,1.669126481,doi.org/10.1039/C8OB03048K,
292,CC(C)(NC(=O)c1ccncc1Br)c1ccccc1,Cc1ccc2ccccc2c1B(O)O,COC,O=P([O-])([O-])[O-].[K+].[K+].[K+],Pd,COc1cccc2c1-c1c(cccc1P(c1ccccc1)c1ccccc1)O[C@@H](C)[C@H](C)O2,80,P,0.84,0.9,1.715537921,doi.org/10.1039/C8OB03048K,
293,CC(C)(NC(=O)c1ccncc1Br)c1ccccc1,Cc1ccc2ccccc2c1B(O)O,COC,O=C([O-])[O-].[Cs+].[Cs+],Pd,COc1cccc2c1-c1c(cccc1P(c1ccccc1)c1ccccc1)O[C@@H](C)[C@H](C)O2,80,P,0.84,0.18,1.715537921,doi.org/10.1039/C8OB03048K,
294,CC(C)(NC(=O)c1ccncc1Br)c1ccccc1,Cc1ccc2ccccc2c1B(O)O,COC,O=C([O-])[O-].[K+].[K+],Pd,COc1cccc2c1-c1c(cccc1P(c1ccccc1)c1ccccc1)O[C@@H](C)[C@H](C)O2,80,P,0.84,0.95,1.715537921,doi.org/10.1039/C8OB03048K,
295,CC(C)(NC(=O)c1ccncc1Br)c1ccccc1,Cc1ccc2ccccc2c1B(O)O,COC,[Cs+].[F-],Pd,COc1cccc2c1-c1c(cccc1P(c1ccccc1)c1ccccc1)O[C@@H](C)[C@H](C)O2,80,P,0.82,0.17,1.625128779,doi.org/10.1039/C8OB03048K,
296,CC(C)(NC(=O)c1ccncc1Br)c1ccccc1,Cc1ccc2ccccc2c1B(O)O,COC,[F-].[K+],Pd,COc1cccc2c1-c1c(cccc1P(c1ccccc1)c1ccccc1)O[C@@H](C)[C@H](C)O2,80,P,0.83,0.92,1.669126481,doi.org/10.1039/C8OB03048K,
298,CC(C)(NC(=O)c1ccncc1Br)c1ccccc1,Cc1ccc2ccccc2c1B(O)O,COC,O=P([O-])([O-])[O-].[K+].[K+].[K+],Pd,COc1cccc2c1-c1c(cccc1P(c1ccccc1)c1ccccc1)O[C@@H](C)[C@H](C)O2,60,P,0.87,0.37,1.766687124,doi.org/10.1039/C8OB03048K,
300,CC(C)(NC(=O)c1ccncc1Br)c1ccccc1,Cc1ccc2ccccc2c1B(O)O,C1CCOC1,O=P([O-])([O-])[O-].[K+].[K+].[K+],Pd,COc1cccc2c1-c1c(cccc1P(c1ccccc1)c1ccccc1)O[C@@H](C)[C@H](C)O2,80,P,0.85,0.74,1.764677789,doi.org/10.1039/C8OB03048K,
301,CC(C)(NC(=O)c1ccncc1Br)c1ccccc1,Cc1ccc2ccccc2c1B(O)O,Cc1ccccc1,O=P([O-])([O-])[O-].[K+].[K+].[K+],Pd,COc1cccc2c1-c1c(cccc1P(c1ccccc1)c1ccccc1)O[C@@H](C)[C@H](C)O2,80,P,0.75,0.88,1.36683387,doi.org/10.1039/C8OB03048K,
302,CC(C)(NC(=O)c1ccncc1Br)c1ccccc1,Cc1ccc2ccccc2c1B(O)O,CC#N,O=P([O-])([O-])[O-].[K+].[K+].[K+],Pd,COc1cccc2c1-c1c(cccc1P(c1ccccc1)c1ccccc1)O[C@@H](C)[C@H](C)O2,80,P,0.79,0.9,1.505176502,doi.org/10.1039/C8OB03048K,
320,COc1ccc2ccccc2c1Br,Cc1ccccc1B(O)O,ClCCl,O=C([O-])[O-].[K+].[K+],Pd,COC(=O)CC[C@@H](C)[C@H]1CCC2C3CCC4C[C@H](OC(C)=O)CC[C@]4(C)C3C[C@H](Op3oc4ccc5ccccc5c4c4c(ccc5ccccc54)o3)[C@@]21C,25,P,0.46,0.96,0.589830009,doi.org/10.1016/j.tetasy.2011.12.006,same doi: entry32-49
321,COc1ccc2ccccc2c1Br,Cc1ccccc1B(O)O,ClCCl,O=C([O-])[O-].[K+].[K+],Pd,COC(=O)CC[C@@H](C)[C@H]1CCC2C3CCC4C[C@H](OC(C)=O)CC[C@]4(C)C3C[C@H](Op3oc4ccc5ccccc5c4c4c(ccc5ccccc54)o3)[C@@]21C,25,P,0.46,0.96,0.589830009,doi.org/10.1016/j.tetasy.2011.12.006,
322,COc1ccc2ccccc2c1Br,Cc1ccccc1B(O)O,ClCCl,O=C([O-])[O-].[K+].[K+],Pd,COC(=O)CC[C@@H](C)[C@H]1CCC2C3CCC4C[C@H](OC(C)=O)CC[C@]4(C)C3C[C@H](Op3oc4ccc5ccccc5c4c4c(ccc5ccccc54)o3)[C@@]21C,25,P,0.46,0.95,0.589830009,doi.org/10.1016/j.tetasy.2011.12.006,
323,COc1ccc2ccccc2c1Br,Cc1ccccc1B(O)O,ClCCl,O=C([O-])[O-].[K+].[K+],Pd,COC(=O)CC[C@@H](C)[C@H]1CCC2C3CCC4C[C@H](OC(C)=O)CC[C@]4(C)C3C[C@H](Op3oc4ccc5ccccc5c4c4c(ccc5ccccc54)o3)[C@@]21C,25,P,0.45,0.96,0.574872875,doi.org/10.1016/j.tetasy.2011.12.006,
324,COc1ccc2ccccc2c1Br,Cc1ccccc1B(O)O,ClCCl,O=C([O-])[O-].[K+].[K+],Pd,COC(=O)CC[C@@H](C)[C@H]1CCC2C3CCC4C[C@H](OC(C)=O)CC[C@]4(C)C3C[C@H](Op3oc4ccc5ccccc5c4c4c(ccc5ccccc54)o3)[C@@]21C,25,P,0.05,0.19,0.059351385,doi.org/10.1016/j.tetasy.2011.12.006,
325,COc1ccc2ccccc2c1Br,Cc1ccccc1B(O)O,ClCCl,O=C([O-])[O-].[K+].[K+],Pd,COC(=O)CC[C@@H](C)[C@H]1CCC2C3CCC4C[C@H](OC(C)=O)CC[C@]4(C)C3C[C@H](Op3oc4ccc5ccccc5c4c4c(ccc5ccccc54)o3)[C@@]21C,25,P,0.08,0.65,0.095086226,doi.org/10.1016/j.tetasy.2011.12.006,
326,COc1ccc2ccccc2c1Br,Cc1ccccc1B(O)O,ClCCl,O=C([O-])[O-].[K+].[K+],Pd,COC(=O)CC[C@@H](C)[C@H]1CCC2C3CCC4C[C@H](OC(C)=O)CC[C@]4(C)C3C[C@H](Op3oc4ccccc4c4ccccc4o3)[C@@]21C,25,P,0.31,0.2,0.380178987,doi.org/10.1016/j.tetasy.2011.12.006,
327,COc1ccc2ccccc2c1Br,Cc1ccccc1B(O)O,ClCCl,O=C([O-])[O-].[K+].[K+],Pd,COC(=O)CC[C@@H](C)[C@H]1CCC2C3CCC4C[C@H](OC(C)=O)CC[C@]4(C)C3C[C@H](Op3oc4ccc(-c5ccccc5)cc4c4cc(-c5ccccc5)ccc4o3)[C@@]21C,25,P,0.29,0.95,0.354110889,doi.org/10.1016/j.tetasy.2011.12.006,
328,COc1ccc2ccccc2c1Br,Cc1ccccc1B(O)O,ClCCl,O=C([O-])[O-].[K+].[K+],Pd,COC(=O)CC[C@@H](C)[C@H]1CCC2C3CCC4C[C@H](OC(C)=O)CC[C@]4(C)C3C[C@H](Op3oc4ccc(C(=O)c5ccccc5)cc4c4cc(C(=O)c5ccccc5)ccc4o3)[C@@]21C,25,P,0.29,0.97,0.354110889,doi.org/10.1016/j.tetasy.2011.12.006,
329,COc1ccc2ccccc2c1Br,OB(O)c1cccc2ccccc12,ClCCl,O=C([O-])[O-].[K+].[K+],Pd,COC(=O)CC[C@@H](C)[C@H]1CCC2C3CCC4C[C@H](OC(C)=O)CC[C@]4(C)C3C[C@H](Op3oc4ccc5ccccc5c4c4c(ccc5ccccc54)o3)[C@@]21C,25,P,0.55,0.6,0.733423642,doi.org/10.1016/j.tetasy.2011.12.006,
330,COc1ccc2ccccc2c1Br,Cc1ccc(B(O)O)c2ccccc12,ClCCl,O=C([O-])[O-].[K+].[K+],Pd,COC(=O)CC[C@@H](C)[C@H]1CCC2C3CCC4C[C@H](OC(C)=O)CC[C@]4(C)C3C[C@H](Op3oc4ccc5ccccc5c4c4c(ccc5ccccc54)o3)[C@@]21C,25,P,0.44,0.55,0.560083607,doi.org/10.1016/j.tetasy.2011.12.006,
331,COc1ccc2ccccc2c1Br,O=Cc1ccccc1B(O)O,ClCCl,O=C([O-])[O-].[K+].[K+],Pd,COC(=O)CC[C@@H](C)[C@H]1CCC2C3CCC4C[C@H](OC(C)=O)CC[C@]4(C)C3C[C@H](Op3oc4ccc5ccccc5c4c4c(ccc5ccccc54)o3)[C@@]21C,25,P,0.27,0.33,0.328370972,doi.org/10.1016/j.tetasy.2011.12.006,
332,COc1ccc2ccccc2c1Br,COc1ccccc1B(O)O,ClCCl,O=C([O-])[O-].[K+].[K+],Pd,COC(=O)CC[C@@H](C)[C@H]1CCC2C3CCC4C[C@H](OC(C)=O)CC[C@]4(C)C3C[C@H](Op3oc4ccc5ccccc5c4c4c(ccc5ccccc54)o3)[C@@]21C,25,P,0.24,0.57,0.290311362,doi.org/10.1016/j.tetasy.2011.12.006,
333,Cc1ccc2ccccc2c1Br,OB(O)c1cccc2ccccc12,ClCCl,O=C([O-])[O-].[K+].[K+],Pd,COC(=O)CC[C@@H](C)[C@H]1CCC2C3CCC4C[C@H](OC(C)=O)CC[C@]4(C)C3C[C@H](Op3oc4ccc5ccccc5c4c4c(ccc5ccccc54)o3)[C@@]21C,25,P,0.11,0.56,0.130994222,doi.org/10.1016/j.tetasy.2011.12.006,
334,Cc1ccc2ccccc2c1Br,Cc1ccc(B(O)O)c2ccccc12,ClCCl,O=C([O-])[O-].[K+].[K+],Pd,COC(=O)CC[C@@H](C)[C@H]1CCC2C3CCC4C[C@H](OC(C)=O)CC[C@]4(C)C3C[C@H](Op3oc4ccc5ccccc5c4c4c(ccc5ccccc54)o3)[C@@]21C,25,P,0.11,0.61,0.130994222,doi.org/10.1016/j.tetasy.2011.12.006,
335,COc1ccc2ccccc2c1Br,OB(O)c1cccc2ccccc12,CN(C)C=O,O=C([O-])[O-].[Cs+].[Cs+],Pd,COc1c(CN2[C]N([C@@H]3CCCC[C@H]3N3[C]N(Cc4cc(C(C)(C)C)cc(C(C)(C)C)c4OC)c4ccccc43)c3ccccc32)cc(C(C)(C)C)cc1C(C)(C)C,70,"C,C",0.09,0.67,0.123187595,doi.org/10.1021/om400825e,from SI
336,COc1ccc2ccccc2c1Br,OB(O)c1cccc2ccccc12,CC(=O)N(C)C,O=C([O-])[O-].[Cs+].[Cs+],Pd,COc1c(CN2[C]N([C@@H]3CCCC[C@H]3N3[C]N(Cc4cc(C(C)(C)C)cc(C(C)(C)C)c4OC)c4ccccc43)c3ccccc32)cc(C(C)(C)C)cc1C(C)(C)C,70,"C,C",0.05,0.63,0.068309333,doi.org/10.1021/om400825e,from SI
337,COc1ccc2ccccc2c1Br,OB(O)c1cccc2ccccc12,CS(C)=O,O=C([O-])[O-].[Cs+].[Cs+],Pd,COc1c(CN2[C]N([C@@H]3CCCC[C@H]3N3[C]N(Cc4cc(C(C)(C)C)cc(C(C)(C)C)c4OC)c4ccccc43)c3ccccc32)cc(C(C)(C)C)cc1C(C)(C)C,70,"C,C",0.07,0.7,0.09570985,doi.org/10.1021/om400825e,from SI
338,COc1ccc2ccccc2c1Br,OB(O)c1cccc2ccccc12,C1CCOC1,O=C([O-])[O-].[Cs+].[Cs+],Pd,COc1c(CN2[C]N([C@@H]3CCCC[C@H]3N3[C]N(Cc4cc(C(C)(C)C)cc(C(C)(C)C)c4OC)c4ccccc43)c3ccccc32)cc(C(C)(C)C)cc1C(C)(C)C,65,"C,C",0.16,0.92,0.217090519,doi.org/10.1021/om400825e,from SI
339,COc1ccc2ccccc2c1Br,OB(O)c1cccc2ccccc12,C1CCOC1,O=P([O-])([O-])[O-].[K+].[K+].[K+],Pd,COc1c(CN2[C]N([C@@H]3CCCC[C@H]3N3[C]N(Cc4cc(C(C)(C)C)cc(C(C)(C)C)c4OC)c4ccccc43)c3ccccc32)cc(C(C)(C)C)cc1C(C)(C)C,65,"C,C",0.11,0.88,0.148568493,doi.org/10.1021/om400825e,from SI
340,COc1ccc2ccccc2c1Br,OB(O)c1cccc2ccccc12,C1CCOC1,[Cs+].[F-],Pd,COc1c(CN2[C]N([C@@H]3CCCC[C@H]3N3[C]N(Cc4cc(C(C)(C)C)cc(C(C)(C)C)c4OC)c4ccccc43)c3ccccc32)cc(C(C)(C)C)cc1C(C)(C)C,65,"C,C",0.12,0.3,0.16220047,doi.org/10.1021/om400825e,from SI
342,COc1ccc2ccccc2c1Br,OB(O)c1cccc2ccccc12,C1CCOC1,O=C([O-])[O-].[Cs+].[Cs+],Pd,COc1c(CN2[C]N([C@@H]3CCCC[C@H]3N3[C]N(Cc4cc(C(C)(C)C)cc(C(C)(C)C)c4OC)c4ccccc43)c3ccccc32)cc(C(C)(C)C)cc1C(C)(C)C,65,"C,C",0.13,0.87,0.175865685,doi.org/10.1021/om400825e,from SI
343,COc1ccc2ccccc2c1Br,OB(O)c1cccc2ccccc12,C1CCOC1,O=C([O-])[O-].[Cs+].[Cs+],Pd,COc1c(CN2[C]N([C@@H]3CCCC[C@H]3N3[C]N(Cc4cc(C(C)(C)C)cc(C(C)(C)C)c4OC)c4ccccc43)c3ccccc32)cc(C(C)(C)C)cc1C(C)(C)C,65,"C,C",0.05,0.93,0.067314006,doi.org/10.1021/om400825e,from SI
344,COc1ccc2ccccc2c1Br,OB(O)c1cccc2ccccc12,C1CCOC1,O=C([O-])[O-].[Cs+].[Cs+],Pd,COc1ccc(COc2c(CN3[C]N([C@@H]4CCCC[C@H]4N4[C]N(Cc5cc(C(C)(C)C)cc(C(C)(C)C)c5OCc5ccc(OC)cc5)c5ccccc54)c4ccccc43)cc(C(C)(C)C)cc2C(C)(C)C)cc1,65,"C,C",0.17,0.75,0.230918694,doi.org/10.1021/om400825e,from SI
345,COc1ccc2ccccc2c1Br,OB(O)c1cccc2ccccc12,C1CCOC1,O=P([O-])([O-])[O-].[K+].[K+].[K+],Pd,COc1ccc(COc2c(CN3[C]N([C@@H]4CCCC[C@H]4N4[C]N(Cc5cc(C(C)(C)C)cc(C(C)(C)C)c5OCc5ccc(OC)cc5)c5ccccc54)c4ccccc43)cc(C(C)(C)C)cc2C(C)(C)C)cc1,65,"C,C",0.16,0.85,0.217090519,doi.org/10.1021/om400825e,from SI
346,COc1ccc2ccccc2c1Br,OB(O)c1cccc2ccccc12,C1CCOC1,[Cs+].[F-],Pd,COc1ccc(COc2c(CN3[C]N([C@@H]4CCCC[C@H]4N4[C]N(Cc5cc(C(C)(C)C)cc(C(C)(C)C)c5OCc5ccc(OC)cc5)c5ccccc54)c4ccccc43)cc(C(C)(C)C)cc2C(C)(C)C)cc1,65,"C,C",0.11,0.95,0.148568493,doi.org/10.1021/om400825e,from SI
347,COc1ccc2ccccc2c1Br,OB(O)c1cccc2ccccc12,C1CCOC1,O=C([O-])[O-].[K+].[K+],Pd,COc1ccc(COc2c(CN3[C]N([C@@H]4CCCC[C@H]4N4[C]N(Cc5cc(C(C)(C)C)cc(C(C)(C)C)c5OCc5ccc(OC)cc5)c5ccccc54)c4ccccc43)cc(C(C)(C)C)cc2C(C)(C)C)cc1,65,"C,C",0.2,0.4,0.272707208,doi.org/10.1021/om400825e,from SI
348,COc1ccc2ccccc2c1Br,OB(O)c1cccc2ccccc12,C1CCOC1,O=C([O-])[O-].[Cs+].[Cs+],Pd,CCOC(=O)c1ccc(COc2c(CN3[C]N([C@@H]4CCCC[C@H]4N4[C]N(Cc5cc(C(C)(C)C)cc(C(C)(C)C)c5OCc5ccc(C(=O)OCC)cc5)c5ccccc54)c4ccccc43)cc(C(C)(C)C)cc2C(C)(C)C)cc1,65,"C,C",0.32,0.78,0.446117584,doi.org/10.1021/om400825e,from SI
349,COc1ccc2ccccc2c1Br,OB(O)c1cccc2ccccc12,C1CCOC1,O=P([O-])([O-])[O-].[K+].[K+].[K+],Pd,CCOC(=O)c1ccc(COc2c(CN3[C]N([C@@H]4CCCC[C@H]4N4[C]N(Cc5cc(C(C)(C)C)cc(C(C)(C)C)c5OCc5ccc(C(=O)OCC)cc5)c5ccccc54)c4ccccc43)cc(C(C)(C)C)cc2C(C)(C)C)cc1,65,"C,C",0.31,0.88,0.43118405,doi.org/10.1021/om400825e,from SI
350,COc1ccc2ccccc2c1Br,OB(O)c1cccc2ccccc12,C1CCOC1,[Cs+].[F-],Pd,CCOC(=O)c1ccc(COc2c(CN3[C]N([C@@H]4CCCC[C@H]4N4[C]N(Cc5cc(C(C)(C)C)cc(C(C)(C)C)c5OCc5ccc(C(=O)OCC)cc5)c5ccccc54)c4ccccc43)cc(C(C)(C)C)cc2C(C)(C)C)cc1,65,"C,C",0.3,0.83,0.416352606,doi.org/10.1021/om400825e,from SI
351,COc1ccc2ccccc2c1Br,OB(O)c1cccc2ccccc12,C1CCOC1,O=C([O-])[O-].[K+].[K+],Pd,CCOC(=O)c1ccc(COc2c(CN3[C]N([C@@H]4CCCC[C@H]4N4[C]N(Cc5cc(C(C)(C)C)cc(C(C)(C)C)c5OCc5ccc(C(=O)OCC)cc5)c5ccccc54)c4ccccc43)cc(C(C)(C)C)cc2C(C)(C)C)cc1,65,"C,C",0.4,0.5,0.569874521,doi.org/10.1021/om400825e,from SI
352,COc1ccc2ccccc2c1Br,OB(O)c1cccc2ccccc12,C1CCOC1,[Cs+].[F-],Pd,CC(C)(C)c1cc(CN2[C]N([C@@H]3CCCC[C@H]3N3[C]N(Cc4cc(C(C)(C)C)cc(C(C)(C)C)c4OCc4ccc(C(F)(F)F)cc4)c4ccccc43)c3ccccc32)c(OCc2ccc(C(F)(F)F)cc2)c(C(C)(C)C)c1,65,"C,C",0.41,0.88,0.585965688,doi.org/10.1021/om400825e,from SI
353,COc1ccc2ccccc2c1Br,OB(O)c1cccc2ccccc12,C1CCOC1,O=C([O-])[O-].[Cs+].[Cs+],Pd,CC(C)(C)c1cc(CN2[C]N([C@@H]3CCCC[C@H]3N3[C]N(Cc4cc(C(C)(C)C)cc(C(C)(C)C)c4OCc4ccc([N+](=O)[O-])cc4)c4ccccc43)c3ccccc32)c(OCc2ccc([N+](=O)[O-])cc2)c(C(C)(C)C)c1,65,"C,C",0.42,0.75,0.602216267,doi.org/10.1021/om400825e,from SI
354,COc1ccc2ccccc2c1Br,OB(O)c1cccc2ccccc12,C1CCOC1,O=P([O-])([O-])[O-].[K+].[K+].[K+],Pd,CC(C)(C)c1cc(CN2[C]N([C@@H]3CCCC[C@H]3N3[C]N(Cc4cc(C(C)(C)C)cc(C(C)(C)C)c4OCc4ccc([N+](=O)[O-])cc4)c4ccccc43)c3ccccc32)c(OCc2ccc([N+](=O)[O-])cc2)c(C(C)(C)C)c1,65,"C,C",0.3,0.85,0.416352606,doi.org/10.1021/om400825e,from SI
355,COc1ccc2ccccc2c1Br,OB(O)c1cccc2ccccc12,C1CCOC1,[Cs+].[F-],Pd,CC(C)(C)c1cc(CN2[C]N([C@@H]3CCCC[C@H]3N3[C]N(Cc4cc(C(C)(C)C)cc(C(C)(C)C)c4OCc4ccc([N+](=O)[O-])cc4)c4ccccc43)c3ccccc32)c(OCc2ccc([N+](=O)[O-])cc2)c(C(C)(C)C)c1,65,"C,C",0.45,0.83,0.651998198,doi.org/10.1021/om400825e,from SI
356,COc1ccc2ccccc2c1Br,OB(O)c1cccc2ccccc12,C1CCOC1,O=C([O-])[O-].[K+].[K+],Pd,CC(C)(C)c1cc(CN2[C]N([C@@H]3CCCC[C@H]3N3[C]N(Cc4cc(C(C)(C)C)cc(C(C)(C)C)c4OCc4ccc([N+](=O)[O-])cc4)c4ccccc43)c3ccccc32)c(OCc2ccc([N+](=O)[O-])cc2)c(C(C)(C)C)c1,65,"C,C",0.4,0.55,0.569874521,doi.org/10.1021/om400825e,from SI
357,COc1ccc2ccccc2c1Br,OB(O)c1cccc2ccccc12,C1CCOC1,[Cs+].[F-],Pd,CC(C)(C)c1cc(CN2[C]N([C@@H]3CCCC[C@H]3N3[C]N(Cc4cc(C(C)(C)C)cc(C(C)(C)C)c4OCc4cccc([N+](=O)[O-])c4)c4ccccc43)c3ccccc32)c(OCc2cccc([N+](=O)[O-])c2)c(C(C)(C)C)c1,65,"C,C",0.28,0.85,0.386977687,doi.org/10.1021/om400825e,from SI
358,COc1ccc2ccccc2c1Br,OB(O)c1cccc2ccccc12,C1CCOC1,[Cs+].[F-],Pd,CC(C)(C)c1cc(CN2[C]N([C@@H]3CCCC[C@H]3N3[C]N(Cc4cc(C(C)(C)C)cc(C(C)(C)C)c4OCc4ccccc4[N+](=O)[O-])c4ccccc43)c3ccccc32)c(OCc2ccccc2[N+](=O)[O-])c(C(C)(C)C)c1,65,"C,C",0.16,0.83,0.217090519,doi.org/10.1021/om400825e,from SI
359,COc1ccc2ccccc2c1Br,OB(O)c1cccc2ccccc12,C1CCOC1,[Cs+].[F-],Pd,CC(C)(C)c1cc(CN2[C]N([C@@H]3CCCC[C@H]3N3[C]N(Cc4cc(C(C)(C)C)cc(C(C)(C)C)c4OCc4ccc5ccccc5c4)c4ccccc43)c3ccccc32)c(OCc2ccc3ccccc3c2)c(C(C)(C)C)c1,65,"C,C",0.2,0.1,0.272707208,doi.org/10.1021/om400825e,from SI
360,Cc1ccc2ccccc2c1Br,OB(O)c1cccc2ccccc12,Cc1ccccc1,O=C([O-])[O-].[K+].[K+],Pd,CN1[C]N(CC23C4C5[C@@H]6C2(P(c2ccccc2)c2ccccc2)[Fe]54632789C3C2C7C8C39)C=C1,40,"C,P",0.4,0.88,0.527742736,doi.org/10.1021/om100125k,Pd-L
361,Cc1ccc2ccccc2c1Br,OB(O)c1cccc2ccccc12,Cc1ccccc1,O=C([O-])[O-].[K+].[K+],Pd,CN1[C]N(CC23C4[C@H]5C6C2(P(c2ccccc2)c2ccccc2)[Fe]46532789C3C2C7C8C39)C=C1,40,"C,P",0.42,0.88,0.557693402,doi.org/10.1021/om100125k,Pd-L
362,Cc1ccc2ccccc2c1Br,OB(O)c1cccc2ccccc12,Cc1ccccc1,O=C([O-])[O-].[K+].[K+],Pd,Cc1cc(C)c(N2[C]N(CC34C5C6[C@@H]7C3(P(c3ccccc3)c3ccccc3)[Fe]6574389%10C4C3C8C9C4%10)C=C2)c(C)c1,40,"C,P",0.46,0.58,0.619504502,doi.org/10.1021/om100125k,Pd-L
363,Cc1ccc2ccccc2c1Br,OB(O)c1cccc2ccccc12,Cc1ccccc1,O=C([O-])[O-].[K+].[K+],Pd,Cc1cc2c(cc1C)N(CC13C4C5[C@@H]6C1(P(c1ccccc1)c1ccccc1)[Fe]54631789C3C1C7C8C39)[C]N2C,40,"C,P",0.09,0.48,0.11241788,doi.org/10.1021/om100125k,Pd-L
364,Cc1ccc2ccccc2c1Br,OB(O)c1cccc2ccccc12,Cc1ccccc1,O=C([O-])[O-].[K+].[K+],Pd,Cc1cc(C)c(N2[C]N(CC34C5C6[C@@H]7C3(P(c3ccccc3)c3ccccc3)[Fe]6574389%10C4C3C8C9C4%10)c3cc(C)c(C)cc32)c(C)c1,40,"C,P",0.37,0.47,0.483861647,doi.org/10.1021/om100125k,Pd-L
365,COc1ccc2ccccc2c1Br,OB(O)c1cccc2ccccc12,Cc1ccccc1,O=C([O-])[O-].[K+].[K+],Pd,CN1[C]N(CC23C4C5[C@@H]6C2(P(c2ccccc2)c2ccccc2)[Fe]54632789C3C2C7C8C39)C=C1,40,"C,P",0.35,0.95,0.4552361,doi.org/10.1021/om100125k,Pd-L
366,COc1ccc2ccccc2c1Br,OB(O)c1cccc2ccccc12,Cc1ccccc1,O=C([O-])[O-].[K+].[K+],Pd,CN1[C]N(CC23C4[C@H]5C6C2(P(c2ccccc2)c2ccccc2)[Fe]46532789C3C2C7C8C39)C=C1,40,"C,P",0.33,0.95,0.427063797,doi.org/10.1021/om100125k,Pd-L
367,COc1ccc2ccccc2c1Br,OB(O)c1cccc2ccccc12,Cc1ccccc1,O=C([O-])[O-].[K+].[K+],Pd,Cc1cc(C)c(N2[C]N(CC34C5C6[C@@H]7C3(P(c3ccccc3)c3ccccc3)[Fe]6574389%10C4C3C8C9C4%10)C=C2)c(C)c1,40,"C,P",0.31,0.65,0.399305886,doi.org/10.1021/om100125k,Pd-L
368,COc1ccc2ccccc2c1Br,OB(O)c1cccc2ccccc12,Cc1ccccc1,O=C([O-])[O-].[K+].[K+],Pd,Cc1cc2c(cc1C)N(CC13C4C5[C@@H]6C1(P(c1ccccc1)c1ccccc1)[Fe]54631789C3C1C7C8C39)[C]N2C,40,"C,P",0.17,0.54,0.213846485,doi.org/10.1021/om100125k,Pd-L
369,COc1ccc2ccccc2c1Br,OB(O)c1cccc2ccccc12,Cc1ccccc1,O=C([O-])[O-].[K+].[K+],Pd,Cc1cc(C)c(N2[C]N(CC34C5C6[C@@H]7C3(P(c3ccccc3)c3ccccc3)[Fe]6574389%10C4C3C8C9C4%10)c3cc(C)c(C)cc32)c(C)c1,40,"C,P",0.22,0.57,0.278610138,doi.org/10.1021/om100125k,Pd-L
370,CCOc1ccc2ccccc2c1Br,OB(O)c1cccc2ccccc12,Cc1ccccc1,O=C([O-])[O-].[K+].[K+],Pd,CN1[C]N(CC23C4C5[C@@H]6C2(P(c2ccccc2)c2ccccc2)[Fe]54632789C3C2C7C8C39)C=C1,40,"C,P",0.23,0.95,0.291731623,doi.org/10.1021/om100125k,Pd-L
371,CCOc1ccc2ccccc2c1Br,OB(O)c1cccc2ccccc12,Cc1ccccc1,O=C([O-])[O-].[K+].[K+],Pd,CN1[C]N(CC23C4[C@H]5C6C2(P(c2ccccc2)c2ccccc2)[Fe]46532789C3C2C7C8C39)C=C1,40,"C,P",0.24,0.92,0.304916998,doi.org/10.1021/om100125k,Pd-L
372,CCOc1ccc2ccccc2c1Br,OB(O)c1cccc2ccccc12,Cc1ccccc1,O=C([O-])[O-].[K+].[K+],Pd,Cc1cc(C)c(N2[C]N(CC34C5C6[C@@H]7C3(P(c3ccccc3)c3ccccc3)[Fe]6574389%10C4C3C8C9C4%10)C=C2)c(C)c1,40,"C,P",0.26,0.22,0.331493292,doi.org/10.1021/om100125k,Pd-L
373,CCOc1ccc2ccccc2c1Br,OB(O)c1cccc2ccccc12,Cc1ccccc1,O=C([O-])[O-].[K+].[K+],Pd,Cc1cc2c(cc1C)N(CC13C4C5[C@@H]6C1(P(c1ccccc1)c1ccccc1)[Fe]54631789C3C1C7C8C39)[C]N2C,40,"C,P",0.13,0.65,0.162863638,doi.org/10.1021/om100125k,Pd-L
374,CCOc1ccc2ccccc2c1Br,OB(O)c1cccc2ccccc12,Cc1ccccc1,O=C([O-])[O-].[K+].[K+],Pd,Cc1cc(C)c(N2[C]N(CC34C5C6[C@@H]7C3(P(c3ccccc3)c3ccccc3)[Fe]6574389%10C4C3C8C9C4%10)c3cc(C)c(C)cc32)c(C)c1,40,"C,P",0.23,0.62,0.291731623,doi.org/10.1021/om100125k,Pd-L
375,CCOc1ccc2ccccc2c1Br,OB(O)c1cccc2ccccc12,Cc1ccccc1,O=C([O-])[O-].[K+].[K+],Pd,Cc1cc(C)c(N2[C]N(CC34C5C6[C@@H]7C3(P(c3ccccc3)c3ccccc3)[Fe]6574389%10C4C3C8C9C4%10)c3cc(C)c(C)cc32)c(C)c1,40,"C,P",0.28,0.54,0.358367774,doi.org/10.1021/om100125k,Pd-L
380,COc1cccc(C2OCCO2)c1Cl,Cc1ccccc1B(O)O,C1CCOC1,[F-].[K+],Pd,Cc1ccc(-c2c(-c3ccc(C)cc3)c(-c3ccc(C)cc3)c(-c3ccccc3-p3oc4ccc5ccccc5c4c4c(ccc5ccccc54)o3)c(-c3ccc(C)cc3)c2-c2ccc(C)cc2)cc1,50,P,0.3,0.44,0.397883616,doi.org/10.1016/j.tetlet.2011.03.051,
381,COc1cccc(C2OCCO2)c1Cl,Cc1ccccc1B(O)O,C1CCOC1,[F-].[K+],Pd,Cc1ccc(-c2c(-c3ccc(C)cc3)c(-c3ccc(C)cc3)c(-c3ccccc3-p3oc4ccc5ccccc5c4c4c(ccc5ccccc54)o3)c(-c3ccc(C)cc3)c2-c2ccc(C)cc2)cc1,75,P,0.33,0.96,0.47479566,doi.org/10.1016/j.tetlet.2011.03.051,
382,COc1cccc(C2OCCO2)c1Cl,Cc1ccccc1B(O)O,C1CCOC1,[F-].[K+],Pd,Cc1ccc(-c2c(-c3ccc(C)cc3)c(-c3ccc(C)cc3)c(-c3ccccc3-p3oc4ccc5ccccc5c4c4c(ccc5ccccc54)o3)c(-c3ccc(C)cc3)c2-c2ccc(C)cc2)cc1,75,P,0.42,0.99,0.620025413,doi.org/10.1016/j.tetlet.2011.03.051,
383,COc1cccc(C2OCCO2)c1Cl,Cc1ccccc1B(O)O,C1CCOC1,[F-].[K+],Pd,Cc1ccc(-c2c(-c3ccc(C)cc3)c(-c3ccc(C)cc3)c(-c3ccccc3-p3oc4ccc5ccccc5c4c4c(ccc5ccccc54)o3)c(-c3ccc(C)cc3)c2-c2ccc(C)cc2)cc1,75,P,0.34,0.97,0.490395975,doi.org/10.1016/j.tetlet.2011.03.051,
384,COc1cccc(C2OCCO2)c1Cl,Cc1ccccc1B(O)O,C1CCOC1,[F-].[K+],Pd,Cc1ccc(-c2c(-c3ccc(C)cc3)c(-c3ccc(C)cc3)c(-c3ccccc3-p3oc4ccc5ccccc5c4c4c(ccc5ccccc54)o3)c(-c3ccc(C)cc3)c2-c2ccc(C)cc2)cc1,75,P,0.4,0.99,0.586727235,doi.org/10.1016/j.tetlet.2011.03.051,
385,COc1cccc(C2OCCO2)c1Cl,Cc1ccccc1B(O)O,Cc1ccccc1,[F-].[K+],Pd,Cc1ccc(-c2c(-c3ccc(C)cc3)c(-c3ccc(C)cc3)c(-c3ccccc3-p3oc4ccc5ccccc5c4c4c(ccc5ccccc54)o3)c(-c3ccc(C)cc3)c2-c2ccc(C)cc2)cc1,75,P,0.47,0.84,0.70641547,doi.org/10.1016/j.tetlet.2011.03.051,
386,COc1cccc(C2OCCO2)c1Cl,Cc1ccccc1B(O)O,Cc1ccccc1,O=C([O-])[O-].[K+].[K+],Pd,Cc1ccc(-c2c(-c3ccc(C)cc3)c(-c3ccc(C)cc3)c(-c3ccccc3-p3oc4ccc5ccccc5c4c4c(ccc5ccccc54)o3)c(-c3ccc(C)cc3)c2-c2ccc(C)cc2)cc1,75,P,0.48,0.37,0.724300469,doi.org/10.1016/j.tetlet.2011.03.051,
387,COc1cccc(C2OCCO2)c1Cl,Cc1ccccc1B(O)O,Cc1ccccc1,O=C([O-])[O-].[Na+].[Na+],Pd,Cc1ccc(-c2c(-c3ccc(C)cc3)c(-c3ccc(C)cc3)c(-c3ccccc3-p3oc4ccc5ccccc5c4c4c(ccc5ccccc54)o3)c(-c3ccc(C)cc3)c2-c2ccc(C)cc2)cc1,75,P,0.5,0.24,0.760754606,doi.org/10.1016/j.tetlet.2011.03.051,
388,COc1cccc(C2OCCO2)c1Cl,Cc1ccccc1B(O)O,Cc1ccccc1,O=C([O-])[O-].[Cs+].[Cs+],Pd,Cc1ccc(-c2c(-c3ccc(C)cc3)c(-c3ccc(C)cc3)c(-c3ccccc3-p3oc4ccc5ccccc5c4c4c(ccc5ccccc54)o3)c(-c3ccc(C)cc3)c2-c2ccc(C)cc2)cc1,75,P,0.59,0.16,0.938525061,doi.org/10.1016/j.tetlet.2011.03.051,
389,COc1cccc(C2OCCO2)c1Cl,Cc1ccccc1B(O)O,Cc1ccccc1,CCN(CC)CC,Pd,Cc1ccc(-c2c(-c3ccc(C)cc3)c(-c3ccc(C)cc3)c(-c3ccccc3-p3oc4ccc5ccccc5c4c4c(ccc5ccccc54)o3)c(-c3ccc(C)cc3)c2-c2ccc(C)cc2)cc1,75,P,0.43,0.33,0.636928099,doi.org/10.1016/j.tetlet.2011.03.051,
390,COc1cccc(C2OCCO2)c1Cl,Cc1ccccc1B(O)O,Cc1ccccc1,[Cs+].[F-],Pd,Cc1ccc(-c2c(-c3ccc(C)cc3)c(-c3ccc(C)cc3)c(-c3ccccc3-p3oc4ccc5ccccc5c4c4c(ccc5ccccc54)o3)c(-c3ccc(C)cc3)c2-c2ccc(C)cc2)cc1,75,P,0.46,0.96,0.688744986,doi.org/10.1016/j.tetlet.2011.03.051,
391,COc1cccc(C2OCCO2)c1Cl,Cc1ccccc1B(O)O,Cc1ccccc1,[Cs+].[F-],Pd,Cc1ccc(-c2c(-c3ccc(C)cc3)c(-c3ccc(C)cc3)c(-c3ccccc3-p3oc4ccc5ccccc5c4c4c(ccc5ccccc54)o3)c(-c3ccc(C)cc3)c2-c2ccc(C)cc2)cc1,90,P,0.48,0.99,0.755506866,doi.org/10.1016/j.tetlet.2011.03.051,
392,COc1cccc(C2OCCO2)c1Cl,Cc1ccccc1B(O)O,Cc1ccccc1,[Cs+].[F-],Pd,Cc1ccc(-c2c(-c3ccc(C)cc3)c(-c3ccc(C)cc3)c(-c3ccccc3-p3oc4ccc5ccccc5c4c4c(ccc5ccccc54)o3)c(-c3ccc(C)cc3)c2-c2ccc(C)cc2)cc1,110,P,0.42,0.99,0.682357423,doi.org/10.1016/j.tetlet.2011.03.051,
393,COc1cccc(C2OCCO2)c1Cl,Cc1ccccc1B(O)O,Cc1ccccc1,[Cs+].[F-],Pd,Cc1ccc(-c2c(-c3ccc(C)cc3)c(-c3ccc(C)cc3)c(-c3ccccc3-p3oc4ccc5ccccc5c4c4c(ccc5ccccc54)o3)c(-c3ccc(C)cc3)c2-c2ccc(C)cc2)cc1,90,P,0.45,0.92,0.700201524,doi.org/10.1016/j.tetlet.2011.03.051,
394,COc1cccc(C2OCCO2)c1Cl,Cc1ccccc1B(O)O,C1CCOC1,[F-].[K+],Pd,Cc1ccc(-c2c(-c3ccc(C)cc3)c(-c3ccc(C)cc3)c(-c3ccccc3-p3oc4ccc5ccccc5c4c4c(ccc5ccccc54)o3)c(-c3ccc(C)cc3)c2-c2ccc(C)cc2)cc1,75,P,0.41,0.84,0.603294261,doi.org/10.1016/j.tetlet.2011.03.051,
395,COc1cccc(C2OCCO2)c1Cl,Cc1ccccc1B(O)O,C1CCOC1,[F-].[K+],Pd,Cc1ccc(-c2c(-c3ccc(C)cc3)c(-c3ccc(C)cc3)c(-c3ccccc3-p3oc4c(C)cc5ccccc5c4c4c(o3)c(C)cc3ccccc34)c(-c3ccc(C)cc3)c2-c2ccc(C)cc2)cc1,75,P,0.65,0.79,1.07374015,doi.org/10.1016/j.tetlet.2011.03.051,
396,COc1cccc(C2OCCO2)c1Cl,Cc1ccccc1B(O)O,C1CCOC1,[F-].[K+],Pd,Cc1ccc(-c2c(-c3ccc(C)cc3)c(-c3ccc(C)cc3)c(-c3ccccc3-p3oc4c(C)cc5ccccc5c4c4c(o3)c(C)cc3ccccc34)c(-c3ccc(C)cc3)c2-c2ccc(C)cc2)cc1,75,P,0.69,0.9,1.174365612,doi.org/10.1016/j.tetlet.2011.03.051,
397,COc1cccc(C2OCCO2)c1Cl,Cc1ccccc1B(O)O,C1CCOC1,[F-].[K+],Pd,Cc1ccc(-c2c(-c3ccc(C)cc3)c(-c3ccc(C)cc3)c(-c3ccccc3-p3oc4c5ccccc5c5ccccc5c4c4c5ccccc5c5ccccc5c4o3)c(-c3ccc(C)cc3)c2-c2ccc(C)cc2)cc1,75,P,0.72,0.94,1.257031455,doi.org/10.1016/j.tetlet.2011.03.051,
398,COc1cccc(C2OCCO2)c1Cl,Cc1ccccc1B(O)O,Cc1ccccc1,[Cs+].[F-],Pd,Cc1ccc(-c2c(-c3ccc(C)cc3)c(-c3ccc(C)cc3)c(-c3ccccc3-p3oc4c(C)cc5ccccc5c4c4c(o3)c(C)cc3ccccc34)c(-c3ccc(C)cc3)c2-c2ccc(C)cc2)cc1,90,P,0.74,0.93,1.37306938,doi.org/10.1016/j.tetlet.2011.03.051,
399,COc1cccc(C2OCCO2)c1Cl,Cc1ccccc1B(O)O,Cc1ccccc1,[Cs+].[F-],Pd,Cc1ccc(-c2c(-c3ccc(C)cc3)c(-c3ccc(C)cc3)c(-c3ccccc3-p3oc4c5ccccc5c5ccccc5c4c4c5ccccc5c5ccccc5c4o3)c(-c3ccc(C)cc3)c2-c2ccc(C)cc2)cc1,90,P,0.78,0.91,1.510149847,doi.org/10.1016/j.tetlet.2011.03.051,
400,COc1cccc(C2OCCO2)c1Cl,Cc1ccccc1B(O)O,Cc1ccccc1,[Cs+].[F-],Pd,Cc1ccc(-c2c(-c3ccc(C)cc3)c(-c3ccc(C)cc3)c(-c3ccccc3-p3oc4c5ccccc5c5ccccc5c4c4c5ccccc5c5ccccc5c4o3)c(-c3ccc(C)cc3)c2-c2ccc(C)cc2)cc1,90,P,0.76,0.75,1.439139505,doi.org/10.1016/j.tetlet.2011.03.051,
401,COc1cccc(C2OCCO2)c1Cl,COc1ccccc1B(O)O,Cc1ccccc1,[Cs+].[F-],Pd,Cc1ccc(-c2c(-c3ccc(C)cc3)c(-c3ccc(C)cc3)c(-c3ccccc3-p3oc4c(C)cc5ccccc5c4c4c(o3)c(C)cc3ccccc34)c(-c3ccc(C)cc3)c2-c2ccc(C)cc2)cc1,90,P,0.37,0.92,0.561118816,doi.org/10.1016/j.tetlet.2011.03.051,
402,COc1cccc(C2OCCO2)c1Cl,COc1ccccc1B(O)O,Cc1ccccc1,[Cs+].[F-],Pd,Cc1ccc(-c2c(-c3ccc(C)cc3)c(-c3ccc(C)cc3)c(-c3ccccc3-p3oc4c5ccccc5c5ccccc5c4c4c5ccccc5c5ccccc5c4o3)c(-c3ccc(C)cc3)c2-c2ccc(C)cc2)cc1,90,P,0.47,0.91,0.736851293,doi.org/10.1016/j.tetlet.2011.03.051,
403,COc1cccc(C2OCCO2)c1Cl,OB(O)c1cccc2ccccc12,Cc1ccccc1,[Cs+].[F-],Pd,Cc1ccc(-c2c(-c3ccc(C)cc3)c(-c3ccc(C)cc3)c(-c3ccccc3-p3oc4c(C)cc5ccccc5c4c4c(o3)c(C)cc3ccccc34)c(-c3ccc(C)cc3)c2-c2ccc(C)cc2)cc1,90,P,0.47,0.63,0.736851293,doi.org/10.1016/j.tetlet.2011.03.051,
404,COc1cccc(C2OCCO2)c1Cl,OB(O)c1cccc2ccccc12,Cc1ccccc1,[Cs+].[F-],Pd,Cc1ccc(-c2c(-c3ccc(C)cc3)c(-c3ccc(C)cc3)c(-c3ccccc3-p3oc4c5ccccc5c5ccccc5c4c4c5ccccc5c5ccccc5c4o3)c(-c3ccc(C)cc3)c2-c2ccc(C)cc2)cc1,90,P,0.52,0.55,0.832584574,doi.org/10.1016/j.tetlet.2011.03.051,
405,COc1cccc(C#N)c1Cl,OB(O)c1cccc2ccccc12,Cc1ccccc1,[Cs+].[F-],Pd,Cc1ccc(-c2c(-c3ccc(C)cc3)c(-c3ccc(C)cc3)c(-c3ccccc3-p3oc4c5ccccc5c5ccccc5c4c4c5ccccc5c5ccccc5c4o3)c(-c3ccc(C)cc3)c2-c2ccc(C)cc2)cc1,90,P,0.33,0.87,0.495252173,doi.org/10.1016/j.tetlet.2011.03.051,
