Unnamed: 0,rct_1_smi,rct_2_smi,sol_smi,base_smi,metal,lig_smi,temperature,coord_atoms,ee,yield,ddG,doi,Unnamed: 13,complex_smi
43,Brc1cccc2ccccc12,Cc1ccc2ccccc2c1B(O)O,COCCOC.O,[K+].[OH-],Pd,CC(C)[C@H]1COC(c2ccccc2CN(Cc2ccccc2)P2OC(c3ccccc3)(c3ccccc3)[C@H]3OC(C)(C)O[C@@H]3C(c3ccccc3)(c3ccccc3)O2)=N1,20,"N,P",0.38,0.3,0.466528719,doi.org/10.1016/j.tetasy.2007.04.020,,[H]c1c([H])c([H])c(C([H])([H])N(C([H])([H])c2c([H])c([H])c([H])c([H])c2C2=N[C@@]([H])(C([H])(C([H])([H])[H])C([H])([H])[H])C([H])([H])O2)P2(->[Pd](c3c([H])c([H])c([H])c4c([H])c([H])c([H])c([H])c34)c3c(C([H])([H])[H])c([H])c([H])c4c([H])c([H])c([H])c([H])c34)OC(c3c([H])c([H])c([H])c([H])c3[H])(c3c([H])c([H])c([H])c([H])c3[H])[C@@]3([H])OC(C([H])([H])[H])(C([H])([H])[H])O[C@]3([H])C(c3c([H])c([H])c([H])c([H])c3[H])(c3c([H])c([H])c([H])c([H])c3[H])O2)c([H])c1[H]
44,Brc1cccc2ccccc12,Cc1ccc2ccccc2c1B(O)O,COCCOC.O,[Na+].[OH-],Pd,CC(C)[C@H]1COC(c2ccccc2CN(Cc2ccccc2)P2OC(c3ccccc3)(c3ccccc3)[C@H]3OC(C)(C)O[C@@H]3C(c3ccccc3)(c3ccccc3)O2)=N1,20,"N,P",0.36,0.25,0.4395047,doi.org/10.1016/j.tetasy.2007.04.020,,[H]c1c([H])c([H])c(C([H])([H])N(C([H])([H])c2c([H])c([H])c([H])c([H])c2C2=N[C@@]([H])(C([H])(C([H])([H])[H])C([H])([H])[H])C([H])([H])O2)P2(->[Pd](c3c([H])c([H])c([H])c4c([H])c([H])c([H])c([H])c34)c3c(C([H])([H])[H])c([H])c([H])c4c([H])c([H])c([H])c([H])c34)OC(c3c([H])c([H])c([H])c([H])c3[H])(c3c([H])c([H])c([H])c([H])c3[H])[C@@]3([H])OC(C([H])([H])[H])(C([H])([H])[H])O[C@]3([H])C(c3c([H])c([H])c([H])c([H])c3[H])(c3c([H])c([H])c([H])c([H])c3[H])O2)c([H])c1[H]
45,Brc1cccc2ccccc12,Cc1ccc2ccccc2c1B(O)O,COCCOC.O,[Cs+].[OH-],Pd,CC(C)[C@H]1COC(c2ccccc2CN(Cc2ccccc2)P2OC(c3ccccc3)(c3ccccc3)[C@H]3OC(C)(C)O[C@@H]3C(c3ccccc3)(c3ccccc3)O2)=N1,20,"N,P",0.37,0.16,0.45295878,doi.org/10.1016/j.tetasy.2007.04.020,,[H]c1c([H])c([H])c(C([H])([H])N(C([H])([H])c2c([H])c([H])c([H])c([H])c2C2=N[C@@]([H])(C([H])(C([H])([H])[H])C([H])([H])[H])C([H])([H])O2)P2(->[Pd](c3c([H])c([H])c([H])c4c([H])c([H])c([H])c([H])c34)c3c(C([H])([H])[H])c([H])c([H])c4c([H])c([H])c([H])c([H])c34)OC(c3c([H])c([H])c([H])c([H])c3[H])(c3c([H])c([H])c([H])c([H])c3[H])[C@@]3([H])OC(C([H])([H])[H])(C([H])([H])[H])O[C@]3([H])C(c3c([H])c([H])c([H])c([H])c3[H])(c3c([H])c([H])c([H])c([H])c3[H])O2)c([H])c1[H]
46,Brc1cccc2ccccc12,Cc1ccc2ccccc2c1B(O)O,COCCOC.O,[Cs+].[F-],Pd,CC(C)[C@H]1COC(c2ccccc2CN(Cc2ccccc2)P2OC(c3ccccc3)(c3ccccc3)[C@H]3OC(C)(C)O[C@@H]3C(c3ccccc3)(c3ccccc3)O2)=N1,20,"N,P",0.4,0.19,0.494037308,doi.org/10.1016/j.tetasy.2007.04.020,,[H]c1c([H])c([H])c(C([H])([H])N(C([H])([H])c2c([H])c([H])c([H])c([H])c2C2=N[C@@]([H])(C([H])(C([H])([H])[H])C([H])([H])[H])C([H])([H])O2)P2(->[Pd](c3c([H])c([H])c([H])c4c([H])c([H])c([H])c([H])c34)c3c(C([H])([H])[H])c([H])c([H])c4c([H])c([H])c([H])c([H])c34)OC(c3c([H])c([H])c([H])c([H])c3[H])(c3c([H])c([H])c([H])c([H])c3[H])[C@@]3([H])OC(C([H])([H])[H])(C([H])([H])[H])O[C@]3([H])C(c3c([H])c([H])c([H])c([H])c3[H])(c3c([H])c([H])c([H])c([H])c3[H])O2)c([H])c1[H]
47,Brc1cccc2ccccc12,Cc1ccc2ccccc2c1B(O)O,COCCOC.O,O=C([O-])[O-].[Cs+].[Cs+],Pd,CC(C)[C@H]1COC(c2ccccc2CN(Cc2ccccc2)P2OC(c3ccccc3)(c3ccccc3)[C@H]3OC(C)(C)O[C@@H]3C(c3ccccc3)(c3ccccc3)O2)=N1,20,"N,P",0.46,0.54,0.579938511,doi.org/10.1016/j.tetasy.2007.04.020,,[H]c1c([H])c([H])c(C([H])([H])N(C([H])([H])c2c([H])c([H])c([H])c([H])c2C2=N[C@@]([H])(C([H])(C([H])([H])[H])C([H])([H])[H])C([H])([H])O2)P2(->[Pd](c3c([H])c([H])c([H])c4c([H])c([H])c([H])c([H])c34)c3c(C([H])([H])[H])c([H])c([H])c4c([H])c([H])c([H])c([H])c34)OC(c3c([H])c([H])c([H])c([H])c3[H])(c3c([H])c([H])c([H])c([H])c3[H])[C@@]3([H])OC(C([H])([H])[H])(C([H])([H])[H])O[C@]3([H])C(c3c([H])c([H])c([H])c([H])c3[H])(c3c([H])c([H])c([H])c([H])c3[H])O2)c([H])c1[H]
48,Brc1cccc2ccccc12,Cc1ccc2ccccc2c1B(O)O,COCCOC.O,[Ba+2].[OH-].[OH-],Pd,CC(C)[C@H]1COC(c2ccccc2CN(Cc2ccccc2)P2OC(c3ccccc3)(c3ccccc3)[C@H]3OC(C)(C)O[C@@H]3C(c3ccccc3)(c3ccccc3)O2)=N1,20,"N,P",0.43,0.31,0.536307547,doi.org/10.1016/j.tetasy.2007.04.020,,[H]c1c([H])c([H])c(C([H])([H])N(C([H])([H])c2c([H])c([H])c([H])c([H])c2C2=N[C@@]([H])(C([H])(C([H])([H])[H])C([H])([H])[H])C([H])([H])O2)P2(->[Pd](c3c([H])c([H])c([H])c4c([H])c([H])c([H])c([H])c34)c3c(C([H])([H])[H])c([H])c([H])c4c([H])c([H])c([H])c([H])c34)OC(c3c([H])c([H])c([H])c([H])c3[H])(c3c([H])c([H])c([H])c([H])c3[H])[C@@]3([H])OC(C([H])([H])[H])(C([H])([H])[H])O[C@]3([H])C(c3c([H])c([H])c([H])c([H])c3[H])(c3c([H])c([H])c([H])c([H])c3[H])O2)c([H])c1[H]
49,Brc1cccc2ccccc12,Cc1ccc2ccccc2c1B(O)O,COCCOC.O,[K+].[OH-],Pd,CC(C)[C@H]1COC(c2ccccc2CN(Cc2ccccc2)P2OC(c3ccccc3)(c3ccccc3)[C@@H]3OC(C)(C)O[C@H]3C(c3ccccc3)(c3ccccc3)O2)=N1,20,"N,P",0.35,0.45,0.426161465,doi.org/10.1016/j.tetasy.2007.04.020,,[H]c1c([H])c([H])c(C([H])([H])N(C([H])([H])c2c([H])c([H])c([H])c([H])c2C2=N[C@@]([H])(C([H])(C([H])([H])[H])C([H])([H])[H])C([H])([H])O2)P2(->[Pd](c3c([H])c([H])c([H])c4c([H])c([H])c([H])c([H])c34)c3c(C([H])([H])[H])c([H])c([H])c4c([H])c([H])c([H])c([H])c34)OC(c3c([H])c([H])c([H])c([H])c3[H])(c3c([H])c([H])c([H])c([H])c3[H])[C@]3([H])OC(C([H])([H])[H])(C([H])([H])[H])O[C@@]3([H])C(c3c([H])c([H])c([H])c([H])c3[H])(c3c([H])c([H])c([H])c([H])c3[H])O2)c([H])c1[H]
50,Brc1cccc2ccccc12,Cc1ccc2ccccc2c1B(O)O,COCCOC.O,[Na+].[OH-],Pd,CC(C)[C@H]1COC(c2ccccc2CN(Cc2ccccc2)P2OC(c3ccccc3)(c3ccccc3)[C@@H]3OC(C)(C)O[C@H]3C(c3ccccc3)(c3ccccc3)O2)=N1,20,"N,P",0.34,0.43,0.412924257,doi.org/10.1016/j.tetasy.2007.04.020,,[H]c1c([H])c([H])c(C([H])([H])N(C([H])([H])c2c([H])c([H])c([H])c([H])c2C2=N[C@@]([H])(C([H])(C([H])([H])[H])C([H])([H])[H])C([H])([H])O2)P2(->[Pd](c3c([H])c([H])c([H])c4c([H])c([H])c([H])c([H])c34)c3c(C([H])([H])[H])c([H])c([H])c4c([H])c([H])c([H])c([H])c34)OC(c3c([H])c([H])c([H])c([H])c3[H])(c3c([H])c([H])c([H])c([H])c3[H])[C@]3([H])OC(C([H])([H])[H])(C([H])([H])[H])O[C@@]3([H])C(c3c([H])c([H])c([H])c([H])c3[H])(c3c([H])c([H])c([H])c([H])c3[H])O2)c([H])c1[H]
51,Brc1cccc2ccccc12,Cc1ccc2ccccc2c1B(O)O,COCCOC.O,[Cs+].[OH-],Pd,CC(C)[C@H]1COC(c2ccccc2CN(Cc2ccccc2)P2OC(c3ccccc3)(c3ccccc3)[C@@H]3OC(C)(C)O[C@H]3C(c3ccccc3)(c3ccccc3)O2)=N1,20,"N,P",0.33,0.61,0.399788447,doi.org/10.1016/j.tetasy.2007.04.020,,[H]c1c([H])c([H])c(C([H])([H])N(C([H])([H])c2c([H])c([H])c([H])c([H])c2C2=N[C@@]([H])(C([H])(C([H])([H])[H])C([H])([H])[H])C([H])([H])O2)P2(->[Pd](c3c([H])c([H])c([H])c4c([H])c([H])c([H])c([H])c34)c3c(C([H])([H])[H])c([H])c([H])c4c([H])c([H])c([H])c([H])c34)OC(c3c([H])c([H])c([H])c([H])c3[H])(c3c([H])c([H])c([H])c([H])c3[H])[C@]3([H])OC(C([H])([H])[H])(C([H])([H])[H])O[C@@]3([H])C(c3c([H])c([H])c([H])c([H])c3[H])(c3c([H])c([H])c([H])c([H])c3[H])O2)c([H])c1[H]
53,Brc1cccc2ccccc12,Cc1ccc2ccccc2c1B(O)O,COCCOC.O,[Ba+2].[OH-].[OH-],Pd,CC(C)[C@H]1COC(c2ccccc2CN(Cc2ccccc2)P2OC(c3ccccc3)(c3ccccc3)[C@@H]3OC(C)(C)O[C@H]3C(c3ccccc3)(c3ccccc3)O2)=N1,20,"N,P",0.18,0.25,0.212218729,doi.org/10.1016/j.tetasy.2007.04.020,,[H]c1c([H])c([H])c(C([H])([H])N(C([H])([H])c2c([H])c([H])c([H])c([H])c2C2=N[C@@]([H])(C([H])(C([H])([H])[H])C([H])([H])[H])C([H])([H])O2)P2(->[Pd](c3c([H])c([H])c([H])c4c([H])c([H])c([H])c([H])c34)c3c(C([H])([H])[H])c([H])c([H])c4c([H])c([H])c([H])c([H])c34)OC(c3c([H])c([H])c([H])c([H])c3[H])(c3c([H])c([H])c([H])c([H])c3[H])[C@]3([H])OC(C([H])([H])[H])(C([H])([H])[H])O[C@@]3([H])C(c3c([H])c([H])c([H])c([H])c3[H])(c3c([H])c([H])c([H])c([H])c3[H])O2)c([H])c1[H]
80,CC(C)[Si](OCc1ccccc1I)(C(C)C)C(C)C,Cc1ccc2ccccc2c1B(O)O,Cc1ccccc1,[Cs+].[F-],Pd,COc1cccc2ccc(P(C3CCCC3)C3CCCC3)c(C(=O)N(C(C)C)C(C)C)c12,40,P,0.84,0.95,1.521225258,doi.org/10.1016/j.tet.2011.09.107,,[H]c1c([H])c([H])c(C([H])([H])O[Si](C([H])(C([H])([H])[H])C([H])([H])[H])(C([H])(C([H])([H])[H])C([H])([H])[H])C([H])(C([H])([H])[H])C([H])([H])[H])c([Pd](c2c(C([H])([H])[H])c([H])c([H])c3c([H])c([H])c([H])c([H])c23)<-P(c2c([H])c([H])c3c([H])c([H])c([H])c(OC([H])([H])[H])c3c2C(=O)N(C([H])(C([H])([H])[H])C([H])([H])[H])C([H])(C([H])([H])[H])C([H])([H])[H])(C2([H])C([H])([H])C([H])([H])C([H])([H])C2([H])[H])C2([H])C([H])([H])C([H])([H])C([H])([H])C2([H])[H])c1[H]
81,CC(C)[Si](OCc1ccc2ccccc2c1Br)(C(C)C)C(C)C,Cc1ccccc1B(O)O,Cc1ccccc1,[Cs+].[F-],Pd,COc1cccc2ccc(P(C(C)C)C(C)C)c(C(=O)N(C(C)C)C(C)C)c12,40,P,0.72,0.98,1.130660348,doi.org/10.1016/j.tet.2011.09.107,,[H]c1c([H])c([H])c(C([H])([H])[H])c([Pd](c2c(C([H])([H])O[Si](C([H])(C([H])([H])[H])C([H])([H])[H])(C([H])(C([H])([H])[H])C([H])([H])[H])C([H])(C([H])([H])[H])C([H])([H])[H])c([H])c([H])c3c([H])c([H])c([H])c([H])c23)<-P(c2c([H])c([H])c3c([H])c([H])c([H])c(OC([H])([H])[H])c3c2C(=O)N(C([H])(C([H])([H])[H])C([H])([H])[H])C([H])(C([H])([H])[H])C([H])([H])[H])(C([H])(C([H])([H])[H])C([H])([H])[H])C([H])(C([H])([H])[H])C([H])([H])[H])c1[H]
83,O=Cc1ccc2ccccc2c1Br,OB(O)c1cccc2ccccc12,C1CCOC1,O=P([O-])([O-])[O-].[K+].[K+].[K+],Pd,COc1cccc(OC)c1-c1cccc2c1[P@](C(C)(C)C)[C@@H](C)O2,24,P,0.2,0.9,0.239642014,doi.org/10.1021/ol300659d,,[H]C(=O)c1c([H])c([H])c2c([H])c([H])c([H])c([H])c2c1[Pd]1(c2c([H])c([H])c([H])c3c([H])c([H])c([H])c([H])c23)<-O(C([H])([H])[H])c2c([H])c([H])c([H])c(OC([H])([H])[H])c2-c2c([H])c([H])c([H])c3c2[P@]->1(C(C([H])([H])[H])(C([H])([H])[H])C([H])([H])[H])[C@@]([H])(C([H])([H])[H])O3
84,CN(C)C(=O)c1ccc2ccccc2c1Br,OB(O)c1cccc2ccccc12,C1CCOC1,O=P([O-])([O-])[O-].[K+].[K+].[K+],Pd,COc1cccc(OC)c1-c1cccc2c1[P@](C(C)(C)C)[C@@H](C)O2,24,P,0.79,0.95,1.266496383,doi.org/10.1021/ol300659d,,[H]c1c([H])c2c3c(c1[H])-c1c(OC([H])([H])[H])c([H])c([H])c([H])c1O(C([H])([H])[H])->[Pd](c1c([H])c([H])c([H])c4c([H])c([H])c([H])c([H])c14)(c1c(C(=O)N(C([H])([H])[H])C([H])([H])[H])c([H])c([H])c4c([H])c([H])c([H])c([H])c14)<-[P@@]3(C(C([H])([H])[H])(C([H])([H])[H])C([H])([H])[H])[C@@]([H])(C([H])([H])[H])O2
85,O=C1OCCN1C(=O)c1ccc2ccccc2c1Br,OB(O)c1cccc2ccccc12,C1CCOC1,O=P([O-])([O-])[O-].[K+].[K+].[K+],Pd,COc1cccc(OC)c1-c1cccc2c1[P@](C(C)(C)C)[C@@H](C)O2,24,P,0.87,0.96,1.575779916,doi.org/10.1021/ol300659d,,[H]c1c([H])c2c3c(c1[H])-c1c(OC([H])([H])[H])c([H])c([H])c([H])c1O(C([H])([H])[H])->[Pd](c1c([H])c([H])c([H])c4c([H])c([H])c([H])c([H])c14)(c1c(C(=O)N4C(=O)OC([H])([H])C4([H])[H])c([H])c([H])c4c([H])c([H])c([H])c([H])c14)<-[P@@]3(C(C([H])([H])[H])(C([H])([H])[H])C([H])([H])[H])[C@@]([H])(C([H])([H])[H])O2
86,O=C(c1ccc2ccccc2c1Br)n1c(=O)oc2ccccc21,OB(O)c1cccc2ccccc12,C1CCOC1,O=P([O-])([O-])[O-].[K+].[K+].[K+],Pd,COc1cccc(OC)c1-c1cccc2c1[P@](C(C)(C)C)CO2,24,P,0.45,0.5,0.572944742,doi.org/10.1021/ol300659d,,[H]c1c([H])c2c3c(c1[H])-c1c(OC([H])([H])[H])c([H])c([H])c([H])c1O(C([H])([H])[H])->[Pd](c1c([H])c([H])c([H])c4c([H])c([H])c([H])c([H])c14)(c1c(C(=O)n4c(=O)oc5c([H])c([H])c([H])c([H])c54)c([H])c([H])c4c([H])c([H])c([H])c([H])c14)<-[P@@]3(C(C([H])([H])[H])(C([H])([H])[H])C([H])([H])[H])C([H])([H])O2
87,O=C(c1ccc2ccccc2c1Br)n1c(=O)oc2ccccc21,OB(O)c1cccc2ccccc12,C1CCOC1,O=P([O-])([O-])[O-].[K+].[K+].[K+],Pd,COc1cccc(OC)c1-c1cccc2c1[P@](C(C)(C)C)[C@@H](Cc1ccccc1)O2,24,P,0.9,0.92,1.740251559,doi.org/10.1021/ol300659d,,[H]c1c([H])c([H])c(C([H])([H])[C@@]2([H])Oc3c([H])c([H])c([H])c4c3[P@@]2(C(C([H])([H])[H])(C([H])([H])[H])C([H])([H])[H])->[Pd](c2c([H])c([H])c([H])c3c([H])c([H])c([H])c([H])c23)(c2c(C(=O)n3c(=O)oc5c([H])c([H])c([H])c([H])c53)c([H])c([H])c3c([H])c([H])c([H])c([H])c23)<-O(C([H])([H])[H])c2c([H])c([H])c([H])c(OC([H])([H])[H])c2-4)c([H])c1[H]
88,O=C(c1ccc2ccccc2c1Br)n1c(=O)oc2ccccc21,OB(O)c1cccc2ccccc12,C1CCOC1,O=P([O-])([O-])[O-].[K+].[K+].[K+],Pd,COc1cccc(OC)c1-c1cccc2c1[P@](C(C)(C)C)[C@@H](Cc1cccc3ccccc13)O2,24,P,0.92,0.99,1.878324927,doi.org/10.1021/ol300659d,,[H]c1c([H])c2c3c(c1[H])-c1c(OC([H])([H])[H])c([H])c([H])c([H])c1O(C([H])([H])[H])->[Pd](c1c([H])c([H])c([H])c4c([H])c([H])c([H])c([H])c14)(c1c(C(=O)n4c(=O)oc5c([H])c([H])c([H])c([H])c54)c([H])c([H])c4c([H])c([H])c([H])c([H])c14)<-[P@@]3(C(C([H])([H])[H])(C([H])([H])[H])C([H])([H])[H])[C@@]([H])(C([H])([H])c1c([H])c([H])c([H])c3c([H])c([H])c([H])c([H])c13)O2
89,O=C(c1ccc2ccccc2c1Br)n1c(=O)oc2ccccc21,OB(O)c1cccc2ccccc12,C1CCOC1,O=P([O-])([O-])[O-].[K+].[K+].[K+],Pd,COc1cccc(OC)c1-c1cccc2c1[P@](C(C)(C)C)[C@@H](C)O2,24,P,0.96,0.95,2.300182271,doi.org/10.1021/ol300659d,,[H]c1c([H])c2c3c(c1[H])-c1c(OC([H])([H])[H])c([H])c([H])c([H])c1O(C([H])([H])[H])->[Pd](c1c([H])c([H])c([H])c4c([H])c([H])c([H])c([H])c14)(c1c(C(=O)n4c(=O)oc5c([H])c([H])c([H])c([H])c54)c([H])c([H])c4c([H])c([H])c([H])c([H])c14)<-[P@@]3(C(C([H])([H])[H])(C([H])([H])[H])C([H])([H])[H])[C@@]([H])(C([H])([H])[H])O2
90,O=C(c1ccc2ccccc2c1Br)n1c(=O)oc2ccccc21,OB(O)c1cccc2ccccc12,C1CCOC1,O=P([O-])([O-])[O-].[K+].[K+].[K+],Pd,COc1cccc(OC)c1-c1cccc2c1[P@](C(C)(C)C)[C@@H](C)O2,24,P,0.96,0.95,2.300182271,doi.org/10.1021/ol300659d,,[H]c1c([H])c2c3c(c1[H])-c1c(OC([H])([H])[H])c([H])c([H])c([H])c1O(C([H])([H])[H])->[Pd](c1c([H])c([H])c([H])c4c([H])c([H])c([H])c([H])c14)(c1c(C(=O)n4c(=O)oc5c([H])c([H])c([H])c([H])c54)c([H])c([H])c4c([H])c([H])c([H])c([H])c14)<-[P@@]3(C(C([H])([H])[H])(C([H])([H])[H])C([H])([H])[H])[C@@]([H])(C([H])([H])[H])O2
91,CCOP(=O)(OCC)c1ccc2ccccc2c1Br,OB(O)c1cccc2ccccc12,Cc1ccccc1,O=P([O-])([O-])[O-].[K+].[K+].[K+],Pd,COc1cccc2c1-c1c(cccc1P(c1ccccc1)c1ccccc1)O[C@@H](C)[C@@H](C)O2,40,P,0.85,0.9,1.564799234,doi.org/10.1021/ol300721p,,[H]c1c([H])c([H])c(P2(c3c([H])c([H])c([H])c([H])c3[H])->[Pd](c3c([H])c([H])c([H])c4c([H])c([H])c([H])c([H])c34)(c3c(P(=O)(OC([H])([H])C([H])([H])[H])OC([H])([H])C([H])([H])[H])c([H])c([H])c4c([H])c([H])c([H])c([H])c34)<-O(C([H])([H])[H])c3c([H])c([H])c([H])c4c3-c3c(c([H])c([H])c([H])c32)O[C@@]([H])(C([H])([H])[H])[C@@]([H])(C([H])([H])[H])O4)c([H])c1[H]
92,CCOP(=O)(OCC)c1ccc2ccccc2c1Br,OB(O)c1cccc2ccccc12,CN(C)C=O,O=P([O-])([O-])[O-].[K+].[K+].[K+],Pd,COc1cccc2c1-c1c(cccc1P(c1ccccc1)c1ccccc1)O[C@@H](C)[C@@H](C)O2,40,P,0.72,0.2,1.130660348,doi.org/10.1021/ol300721p,,[H]c1c([H])c([H])c(P2(c3c([H])c([H])c([H])c([H])c3[H])->[Pd](c3c([H])c([H])c([H])c4c([H])c([H])c([H])c([H])c34)(c3c(P(=O)(OC([H])([H])C([H])([H])[H])OC([H])([H])C([H])([H])[H])c([H])c([H])c4c([H])c([H])c([H])c([H])c34)<-O(C([H])([H])[H])c3c([H])c([H])c([H])c4c3-c3c(c([H])c([H])c([H])c32)O[C@@]([H])(C([H])([H])[H])[C@@]([H])(C([H])([H])[H])O4)c([H])c1[H]
93,CCOP(=O)(OCC)c1ccc2ccccc2c1Br,OB(O)c1cccc2ccccc12,CS(C)=O,O=P([O-])([O-])[O-].[K+].[K+].[K+],Pd,COc1cccc2c1-c1c(cccc1P(c1ccccc1)c1ccccc1)O[C@@H](C)[C@@H](C)O2,40,P,0.16,0.23,0.201040651,doi.org/10.1021/ol300721p,,[H]c1c([H])c([H])c(P2(c3c([H])c([H])c([H])c([H])c3[H])->[Pd](c3c([H])c([H])c([H])c4c([H])c([H])c([H])c([H])c34)(c3c(P(=O)(OC([H])([H])C([H])([H])[H])OC([H])([H])C([H])([H])[H])c([H])c([H])c4c([H])c([H])c([H])c([H])c34)<-O(C([H])([H])[H])c3c([H])c([H])c([H])c4c3-c3c(c([H])c([H])c([H])c32)O[C@@]([H])(C([H])([H])[H])[C@@]([H])(C([H])([H])[H])O4)c([H])c1[H]
94,CCOP(=O)(OCC)c1ccc2ccccc2c1Br,OB(O)c1cccc2ccccc12,COC,O=P([O-])([O-])[O-].[K+].[K+].[K+],Pd,COc1cccc2c1-c1c(cccc1P(c1ccccc1)c1ccccc1)O[C@@H](C)[C@@H](C)O2,40,P,0.81,0.9,1.40394874,doi.org/10.1021/ol300721p,,[H]c1c([H])c([H])c(P2(c3c([H])c([H])c([H])c([H])c3[H])->[Pd](c3c([H])c([H])c([H])c4c([H])c([H])c([H])c([H])c34)(c3c(P(=O)(OC([H])([H])C([H])([H])[H])OC([H])([H])C([H])([H])[H])c([H])c([H])c4c([H])c([H])c([H])c([H])c34)<-O(C([H])([H])[H])c3c([H])c([H])c([H])c4c3-c3c(c([H])c([H])c([H])c32)O[C@@]([H])(C([H])([H])[H])[C@@]([H])(C([H])([H])[H])O4)c([H])c1[H]
95,CCOP(=O)(OCC)c1ccc2ccccc2c1Br,OB(O)c1cccc2ccccc12,C1CCOC1,O=P([O-])([O-])[O-].[K+].[K+].[K+],Pd,COc1cccc2c1-c1c(cccc1P(c1ccccc1)c1ccccc1)O[C@@H](C)[C@@H](C)O2,40,P,0.81,0.88,1.40394874,doi.org/10.1021/ol300721p,,[H]c1c([H])c([H])c(P2(c3c([H])c([H])c([H])c([H])c3[H])->[Pd](c3c([H])c([H])c([H])c4c([H])c([H])c([H])c([H])c34)(c3c(P(=O)(OC([H])([H])C([H])([H])[H])OC([H])([H])C([H])([H])[H])c([H])c([H])c4c([H])c([H])c([H])c([H])c34)<-O(C([H])([H])[H])c3c([H])c([H])c([H])c4c3-c3c(c([H])c([H])c([H])c32)O[C@@]([H])(C([H])([H])[H])[C@@]([H])(C([H])([H])[H])O4)c([H])c1[H]
96,CCOP(=O)(OCC)c1ccc2ccccc2c1Br,OB(O)c1cccc2ccccc12,COC.O,O=P([O-])([O-])[O-].[K+].[K+].[K+],Pd,COc1cccc2c1-c1c(cccc1P(c1ccccc1)c1ccccc1)O[C@@H](C)[C@@H](C)O2,40,P,0.81,0.84,1.40394874,doi.org/10.1021/ol300721p,,[H]c1c([H])c([H])c(P2(c3c([H])c([H])c([H])c([H])c3[H])->[Pd](c3c([H])c([H])c([H])c4c([H])c([H])c([H])c([H])c34)(c3c(P(=O)(OC([H])([H])C([H])([H])[H])OC([H])([H])C([H])([H])[H])c([H])c([H])c4c([H])c([H])c([H])c([H])c34)<-O(C([H])([H])[H])c3c([H])c([H])c([H])c4c3-c3c(c([H])c([H])c([H])c32)O[C@@]([H])(C([H])([H])[H])[C@@]([H])(C([H])([H])[H])O4)c([H])c1[H]
97,CCOP(=O)(OCC)c1ccc2ccccc2c1Br,OB(O)c1cccc2ccccc12,Cc1ccccc1,O=P([O-])([O-])[O-].[K+].[K+].[K+],Pd,COc1cccc2c1-c1c(cccc1P(c1ccccc1)c1ccccc1)O[C@@H](C)[C@@H](C)O2,40,P,0.83,0.92,1.480070672,doi.org/10.1021/ol300721p,,[H]c1c([H])c([H])c(P2(c3c([H])c([H])c([H])c([H])c3[H])->[Pd](c3c([H])c([H])c([H])c4c([H])c([H])c([H])c([H])c34)(c3c(P(=O)(OC([H])([H])C([H])([H])[H])OC([H])([H])C([H])([H])[H])c([H])c([H])c4c([H])c([H])c([H])c([H])c34)<-O(C([H])([H])[H])c3c([H])c([H])c([H])c4c3-c3c(c([H])c([H])c([H])c32)O[C@@]([H])(C([H])([H])[H])[C@@]([H])(C([H])([H])[H])O4)c([H])c1[H]
98,CCOP(=O)(OCC)c1ccc2ccccc2c1Br,OB(O)c1cccc2ccccc12,Cc1ccccc1,O=P([O-])([O-])[O-].[K+].[K+].[K+],Pd,COc1cccc2c1-c1c(cccc1P(c1ccccc1)c1ccccc1)O[C@@H](C)[C@@H](C)O2,40,P,0.82,0.9,1.441056427,doi.org/10.1021/ol300721p,,[H]c1c([H])c([H])c(P2(c3c([H])c([H])c([H])c([H])c3[H])->[Pd](c3c([H])c([H])c([H])c4c([H])c([H])c([H])c([H])c34)(c3c(P(=O)(OC([H])([H])C([H])([H])[H])OC([H])([H])C([H])([H])[H])c([H])c([H])c4c([H])c([H])c([H])c([H])c34)<-O(C([H])([H])[H])c3c([H])c([H])c([H])c4c3-c3c(c([H])c([H])c([H])c32)O[C@@]([H])(C([H])([H])[H])[C@@]([H])(C([H])([H])[H])O4)c([H])c1[H]
99,CCOP(=O)(OCC)c1ccc2ccccc2c1Br,OB(O)c1cccc2ccccc12,Cc1ccccc1,[Cs+].[F-],Pd,COc1cccc2c1-c1c(cccc1P(c1ccccc1)c1ccccc1)O[C@@H](C)[C@@H](C)O2,40,P,0.82,0.7,1.441056427,doi.org/10.1021/ol300721p,,[H]c1c([H])c([H])c(P2(c3c([H])c([H])c([H])c([H])c3[H])->[Pd](c3c([H])c([H])c([H])c4c([H])c([H])c([H])c([H])c34)(c3c(P(=O)(OC([H])([H])C([H])([H])[H])OC([H])([H])C([H])([H])[H])c([H])c([H])c4c([H])c([H])c([H])c([H])c34)<-O(C([H])([H])[H])c3c([H])c([H])c([H])c4c3-c3c(c([H])c([H])c([H])c32)O[C@@]([H])(C([H])([H])[H])[C@@]([H])(C([H])([H])[H])O4)c([H])c1[H]
100,CCOP(=O)(OCC)c1ccc2ccccc2c1Br,OB(O)c1cccc2ccccc12,Cc1ccccc1,O=C([O-])[O-].[Cs+].[Cs+],Pd,COc1cccc2c1-c1c(cccc1P(c1ccccc1)c1ccccc1)O[C@@H](C)[C@@H](C)O2,40,P,0.83,0.46,1.480070672,doi.org/10.1021/ol300721p,,[H]c1c([H])c([H])c(P2(c3c([H])c([H])c([H])c([H])c3[H])->[Pd](c3c([H])c([H])c([H])c4c([H])c([H])c([H])c([H])c34)(c3c(P(=O)(OC([H])([H])C([H])([H])[H])OC([H])([H])C([H])([H])[H])c([H])c([H])c4c([H])c([H])c([H])c([H])c34)<-O(C([H])([H])[H])c3c([H])c([H])c([H])c4c3-c3c(c([H])c([H])c([H])c32)O[C@@]([H])(C([H])([H])[H])[C@@]([H])(C([H])([H])[H])O4)c([H])c1[H]
101,CCOP(=O)(OCC)c1ccc2ccccc2c1Br,OB(O)c1cccc2ccccc12,Cc1ccccc1,[Ba+2].[OH-].[OH-],Pd,COc1cccc2c1-c1c(cccc1P(c1ccccc1)c1ccccc1)O[C@@H](C)[C@@H](C)O2,40,P,0.83,0.5,1.480070672,doi.org/10.1021/ol300721p,,[H]c1c([H])c([H])c(P2(c3c([H])c([H])c([H])c([H])c3[H])->[Pd](c3c([H])c([H])c([H])c4c([H])c([H])c([H])c([H])c34)(c3c(P(=O)(OC([H])([H])C([H])([H])[H])OC([H])([H])C([H])([H])[H])c([H])c([H])c4c([H])c([H])c([H])c([H])c34)<-O(C([H])([H])[H])c3c([H])c([H])c([H])c4c3-c3c(c([H])c([H])c([H])c32)O[C@@]([H])(C([H])([H])[H])[C@@]([H])(C([H])([H])[H])O4)c([H])c1[H]
102,CCOP(=O)(OCC)c1ccc2ccccc2c1Br,OB(O)c1cccc2ccccc12,Cc1ccccc1,O=P([O-])([O-])[O-].[K+].[K+].[K+],Pd,COc1ccc2ccccc2c1-c1c(P(c2ccccc2)c2ccccc2)ccc2ccccc12,40,P,0.46,0.75,0.619504502,doi.org/10.1021/ol300721p,,[H]c1c([H])c([H])c(P2(c3c([H])c([H])c([H])c([H])c3[H])->[Pd](c3c([H])c([H])c([H])c4c([H])c([H])c([H])c([H])c34)(c3c(P(=O)(OC([H])([H])C([H])([H])[H])OC([H])([H])C([H])([H])[H])c([H])c([H])c4c([H])c([H])c([H])c([H])c34)<-O(C([H])([H])[H])c3c([H])c([H])c4c([H])c([H])c([H])c([H])c4c3-c3c2c([H])c([H])c2c([H])c([H])c([H])c([H])c32)c([H])c1[H]
103,CCOP(=O)(OCC)c1ccc2ccccc2c1Br,OB(O)c1cccc2ccccc12,Cc1ccccc1,O=P([O-])([O-])[O-].[K+].[K+].[K+],Pd,CN(C)c1ccc2ccccc2c1-c1c(P(C2CCCCC2)C2CCCCC2)ccc2ccccc12,40,P,0.57,0.97,0.806624196,doi.org/10.1021/ol300721p,,[H]c1c([H])c([H])c2c3c(c([H])c([H])c2c1[H])N(C([H])([H])[H])(C([H])([H])[H])->[Pd](c1c([H])c([H])c([H])c2c([H])c([H])c([H])c([H])c12)(c1c(P(=O)(OC([H])([H])C([H])([H])[H])OC([H])([H])C([H])([H])[H])c([H])c([H])c2c([H])c([H])c([H])c([H])c12)<-P(C1([H])C([H])([H])C([H])([H])C([H])([H])C([H])([H])C1([H])[H])(C1([H])C([H])([H])C([H])([H])C([H])([H])C([H])([H])C1([H])[H])c1c([H])c([H])c2c([H])c([H])c([H])c([H])c2c1-3
104,CCOP(=O)(OCC)c1ccc2ccccc2c1Br,OB(O)c1cccc2ccccc12,Cc1ccccc1,O=P([O-])([O-])[O-].[K+].[K+].[K+],Pd,COc1cccc2c1-c1c(cccc1P(c1ccc(C)cc1)c1ccc(C)cc1)O[C@@H](C)[C@@H](C)O2,40,P,0.84,0.88,1.521225258,doi.org/10.1021/ol300721p,,[H]c1c([H])c2c3c(c1[H])O(C([H])([H])[H])->[Pd](c1c([H])c([H])c([H])c4c([H])c([H])c([H])c([H])c14)(c1c(P(=O)(OC([H])([H])C([H])([H])[H])OC([H])([H])C([H])([H])[H])c([H])c([H])c4c([H])c([H])c([H])c([H])c14)<-P(c1c([H])c([H])c(C([H])([H])[H])c([H])c1[H])(c1c([H])c([H])c(C([H])([H])[H])c([H])c1[H])c1c([H])c([H])c([H])c(c1-3)O[C@@]([H])(C([H])([H])[H])[C@@]([H])(C([H])([H])[H])O2
105,CCOP(=O)(OCC)c1ccc2ccccc2c1Br,OB(O)c1cccc2ccccc12,Cc1ccccc1,O=P([O-])([O-])[O-].[K+].[K+].[K+],Pd,COc1cccc2c1-c1c(cccc1P(c1cc(C)cc(C)c1)c1ccc(C)cc1C)O[C@@H](C)[C@@H](C)O2,40,P,0.84,0.9,1.521225258,doi.org/10.1021/ol300721p,,[H]c1c([H])c2c3c(c1[H])O(C([H])([H])[H])->[Pd](c1c([H])c([H])c([H])c4c([H])c([H])c([H])c([H])c14)(c1c(P(=O)(OC([H])([H])C([H])([H])[H])OC([H])([H])C([H])([H])[H])c([H])c([H])c4c([H])c([H])c([H])c([H])c14)<-P(c1c([H])c(C([H])([H])[H])c([H])c(C([H])([H])[H])c1[H])(c1c([H])c([H])c(C([H])([H])[H])c([H])c1C([H])([H])[H])c1c([H])c([H])c([H])c(c1-3)O[C@@]([H])(C([H])([H])[H])[C@@]([H])(C([H])([H])[H])O2
106,CCOP(=O)(OCC)c1ccc2ccccc2c1Br,OB(O)c1cccc2ccccc12,Cc1ccccc1,O=P([O-])([O-])[O-].[K+].[K+].[K+],Pd,COc1cccc2c1-c1c(cccc1P(c1cc(C(C)(C)C)cc(C(C)(C)C)c1)c1ccc(C(C)(C)C)cc1C(C)(C)C)O[C@@H](C)[C@@H](C)O2,40,P,0.88,0.62,1.713804368,doi.org/10.1021/ol300721p,,[H]c1c([H])c2c3c(c1[H])O(C([H])([H])[H])->[Pd](c1c([H])c([H])c([H])c4c([H])c([H])c([H])c([H])c14)(c1c(P(=O)(OC([H])([H])C([H])([H])[H])OC([H])([H])C([H])([H])[H])c([H])c([H])c4c([H])c([H])c([H])c([H])c14)<-P(c1c([H])c(C(C([H])([H])[H])(C([H])([H])[H])C([H])([H])[H])c([H])c(C(C([H])([H])[H])(C([H])([H])[H])C([H])([H])[H])c1[H])(c1c([H])c([H])c(C(C([H])([H])[H])(C([H])([H])[H])C([H])([H])[H])c([H])c1C(C([H])([H])[H])(C([H])([H])[H])C([H])([H])[H])c1c([H])c([H])c([H])c(c1-3)O[C@@]([H])(C([H])([H])[H])[C@@]([H])(C([H])([H])[H])O2
107,CCOP(=O)(OCC)c1ccc2ccccc2c1Br,OB(O)c1cccc2ccccc12,Cc1ccccc1,O=P([O-])([O-])[O-].[K+].[K+].[K+],Pd,CCOc1cccc2c1-c1c(cccc1P(c1ccccc1)c1ccccc1)O[C@@H](C)[C@@H](C)O2,40,P,0.77,0.88,1.271030148,doi.org/10.1021/ol300721p,,[H]c1c([H])c([H])c(P2(c3c([H])c([H])c([H])c([H])c3[H])->[Pd](c3c([H])c([H])c([H])c4c([H])c([H])c([H])c([H])c34)(c3c(P(=O)(OC([H])([H])C([H])([H])[H])OC([H])([H])C([H])([H])[H])c([H])c([H])c4c([H])c([H])c([H])c([H])c34)<-O(C([H])([H])C([H])([H])[H])c3c([H])c([H])c([H])c4c3-c3c(c([H])c([H])c([H])c32)O[C@@]([H])(C([H])([H])[H])[C@@]([H])(C([H])([H])[H])O4)c([H])c1[H]
108,CCOP(=O)(OCC)c1ccc2ccccc2c1Br,OB(O)c1cccc2ccccc12,Cc1ccccc1,O=P([O-])([O-])[O-].[K+].[K+].[K+],Pd,CC(C)Oc1cccc2c1-c1c(cccc1P(c1ccccc1)c1ccccc1)O[C@@H](C)[C@@H](C)O2,40,P,0.71,0.87,1.105171773,doi.org/10.1021/ol300721p,,[H]c1c([H])c([H])c(P2(c3c([H])c([H])c([H])c([H])c3[H])->[Pd](c3c([H])c([H])c([H])c4c([H])c([H])c([H])c([H])c34)(c3c(P(=O)(OC([H])([H])C([H])([H])[H])OC([H])([H])C([H])([H])[H])c([H])c([H])c4c([H])c([H])c([H])c([H])c34)<-O(C([H])(C([H])([H])[H])C([H])([H])[H])c3c([H])c([H])c([H])c4c3-c3c(c([H])c([H])c([H])c32)O[C@@]([H])(C([H])([H])[H])[C@@]([H])(C([H])([H])[H])O4)c([H])c1[H]
109,CCOP(=O)(OCC)c1ccc2ccccc2c1Br,OB(O)c1cccc2ccccc12,Cc1ccccc1,O=P([O-])([O-])[O-].[K+].[K+].[K+],Pd,C[C@@H]1Oc2cccc(P(c3ccccc3)c3ccccc3)c2-c2c(OCc3ccccc3)cccc2O[C@@H]1C,40,P,0.77,0.65,1.271030148,doi.org/10.1021/ol300721p,,[H]c1c([H])c([H])c(C([H])([H])O2->[Pd](c3c([H])c([H])c([H])c4c([H])c([H])c([H])c([H])c34)(c3c(P(=O)(OC([H])([H])C([H])([H])[H])OC([H])([H])C([H])([H])[H])c([H])c([H])c4c([H])c([H])c([H])c([H])c34)<-P(c3c([H])c([H])c([H])c([H])c3[H])(c3c([H])c([H])c([H])c([H])c3[H])c3c([H])c([H])c([H])c4c3-c3c(c([H])c([H])c([H])c32)O[C@]([H])(C([H])([H])[H])[C@]([H])(C([H])([H])[H])O4)c([H])c1[H]
110,CCOP(=O)(OCC)c1ccc2ccccc2c1Br,COc1ccc(B(O)O)c2ccccc12,Cc1ccccc1,O=P([O-])([O-])[O-].[K+].[K+].[K+],Pd,C[C@@H]1C[C@@H](C)Oc2cccc(P(C3CCCCC3)C3CCCCC3)c2-c2c(cccc2N(C)C)O1,40,P,0.57,0.98,0.806624196,doi.org/10.1002/adsc.201200095,,[H]c1c([H])c2c3c(c1[H])N(C([H])([H])[H])(C([H])([H])[H])->[Pd](c1c(P(=O)(OC([H])([H])C([H])([H])[H])OC([H])([H])C([H])([H])[H])c([H])c([H])c4c([H])c([H])c([H])c([H])c14)(c1c([H])c([H])c(OC([H])([H])[H])c4c([H])c([H])c([H])c([H])c14)<-P(C1([H])C([H])([H])C([H])([H])C([H])([H])C([H])([H])C1([H])[H])(C1([H])C([H])([H])C([H])([H])C([H])([H])C([H])([H])C1([H])[H])c1c([H])c([H])c([H])c(c1-3)O[C@]([H])(C([H])([H])[H])C([H])([H])[C@@]([H])(C([H])([H])[H])O2
111,CCOP(=O)(OCC)c1ccc2ccccc2c1Br,COc1ccc(B(O)O)c2ccccc12,Cc1ccccc1,O=P([O-])([O-])[O-].[K+].[K+].[K+],Pd,C[C@@H]1C[C@@H](C)Oc2cccc(P(c3ccccc3)c3ccccc3)c2-c2c(cccc2N(C)C)O1,40,P,0.77,0.96,1.271030148,doi.org/10.1002/adsc.201200095,,[H]c1c([H])c([H])c(P2(c3c([H])c([H])c([H])c([H])c3[H])->[Pd](c3c(P(=O)(OC([H])([H])C([H])([H])[H])OC([H])([H])C([H])([H])[H])c([H])c([H])c4c([H])c([H])c([H])c([H])c34)(c3c([H])c([H])c(OC([H])([H])[H])c4c([H])c([H])c([H])c([H])c34)<-N(C([H])([H])[H])(C([H])([H])[H])c3c([H])c([H])c([H])c4c3-c3c(c([H])c([H])c([H])c32)O[C@]([H])(C([H])([H])[H])C([H])([H])[C@@]([H])(C([H])([H])[H])O4)c([H])c1[H]
112,CCOP(=O)(OCC)c1ccc2ccccc2c1Br,COc1ccc(B(O)O)c2ccccc12,Cc1ccccc1,O=P([O-])([O-])[O-].[K+].[K+].[K+],Pd,C[C@@H]1C[C@@H](C)Oc2cccc(P(C(C)(C)C)C(C)(C)C)c2-c2c(cccc2N(C)C)O1,40,P,0.23,0.18,0.291731623,doi.org/10.1002/adsc.201200095,,[H]c1c([H])c2c3c(c1[H])N(C([H])([H])[H])(C([H])([H])[H])->[Pd](c1c(P(=O)(OC([H])([H])C([H])([H])[H])OC([H])([H])C([H])([H])[H])c([H])c([H])c4c([H])c([H])c([H])c([H])c14)(c1c([H])c([H])c(OC([H])([H])[H])c4c([H])c([H])c([H])c([H])c14)<-P(C(C([H])([H])[H])(C([H])([H])[H])C([H])([H])[H])(C(C([H])([H])[H])(C([H])([H])[H])C([H])([H])[H])c1c([H])c([H])c([H])c(c1-3)O[C@]([H])(C([H])([H])[H])C([H])([H])[C@@]([H])(C([H])([H])[H])O2
113,CCOP(=O)(OCC)c1ccc2ccccc2c1Br,COc1ccc(B(O)O)c2ccccc12,C1CCOC1,O=P([O-])([O-])[O-].[K+].[K+].[K+],Pd,C[C@@H]1C[C@@H](C)Oc2cccc(P(C3CCCCC3)C3CCCCC3)c2-c2c(cccc2N(C)C)O1,40,P,0.62,0.97,0.903144423,doi.org/10.1002/adsc.201200095,,[H]c1c([H])c2c3c(c1[H])N(C([H])([H])[H])(C([H])([H])[H])->[Pd](c1c(P(=O)(OC([H])([H])C([H])([H])[H])OC([H])([H])C([H])([H])[H])c([H])c([H])c4c([H])c([H])c([H])c([H])c14)(c1c([H])c([H])c(OC([H])([H])[H])c4c([H])c([H])c([H])c([H])c14)<-P(C1([H])C([H])([H])C([H])([H])C([H])([H])C([H])([H])C1([H])[H])(C1([H])C([H])([H])C([H])([H])C([H])([H])C([H])([H])C1([H])[H])c1c([H])c([H])c([H])c(c1-3)O[C@]([H])(C([H])([H])[H])C([H])([H])[C@@]([H])(C([H])([H])[H])O2
114,CCOP(=O)(OCC)c1ccc2ccccc2c1Br,COc1ccc(B(O)O)c2ccccc12,C1CCOC1,O=P([O-])([O-])[O-].[K+].[K+].[K+],Pd,C[C@@H]1C[C@@H](C)Oc2cccc(P(c3ccccc3)c3ccccc3)c2-c2c(cccc2N(C)C)O1,40,P,0.8,0.96,1.368549791,doi.org/10.1002/adsc.201200095,,[H]c1c([H])c([H])c(P2(c3c([H])c([H])c([H])c([H])c3[H])->[Pd](c3c(P(=O)(OC([H])([H])C([H])([H])[H])OC([H])([H])C([H])([H])[H])c([H])c([H])c4c([H])c([H])c([H])c([H])c34)(c3c([H])c([H])c(OC([H])([H])[H])c4c([H])c([H])c([H])c([H])c34)<-N(C([H])([H])[H])(C([H])([H])[H])c3c([H])c([H])c([H])c4c3-c3c(c([H])c([H])c([H])c32)O[C@]([H])(C([H])([H])[H])C([H])([H])[C@@]([H])(C([H])([H])[H])O4)c([H])c1[H]
116,CCOP(=O)(OCC)c1ccc2ccccc2c1Br,COc1ccc(B(O)O)c2ccccc12,Cc1ccccc1,[Cs+].[F-],Pd,C[C@@H]1C[C@@H](C)Oc2cccc(P(c3ccccc3)c3ccccc3)c2-c2c(cccc2N(C)C)O1,40,P,0.45,0.88,0.603794871,doi.org/10.1002/adsc.201200095,,[H]c1c([H])c([H])c(P2(c3c([H])c([H])c([H])c([H])c3[H])->[Pd](c3c(P(=O)(OC([H])([H])C([H])([H])[H])OC([H])([H])C([H])([H])[H])c([H])c([H])c4c([H])c([H])c([H])c([H])c34)(c3c([H])c([H])c(OC([H])([H])[H])c4c([H])c([H])c([H])c([H])c34)<-N(C([H])([H])[H])(C([H])([H])[H])c3c([H])c([H])c([H])c4c3-c3c(c([H])c([H])c([H])c32)O[C@]([H])(C([H])([H])[H])C([H])([H])[C@@]([H])(C([H])([H])[H])O4)c([H])c1[H]
117,CCOP(=O)(OCC)c1ccc2ccccc2c1Br,COc1ccc(B(O)O)c2ccccc12,C1CCOC1,[Cs+].[F-],Pd,C[C@@H]1C[C@@H](C)Oc2cccc(P(c3ccccc3)c3ccccc3)c2-c2c(cccc2N(C)C)O1,40,P,0.42,0.76,0.557693402,doi.org/10.1002/adsc.201200095,,[H]c1c([H])c([H])c(P2(c3c([H])c([H])c([H])c([H])c3[H])->[Pd](c3c(P(=O)(OC([H])([H])C([H])([H])[H])OC([H])([H])C([H])([H])[H])c([H])c([H])c4c([H])c([H])c([H])c([H])c34)(c3c([H])c([H])c(OC([H])([H])[H])c4c([H])c([H])c([H])c([H])c34)<-N(C([H])([H])[H])(C([H])([H])[H])c3c([H])c([H])c([H])c4c3-c3c(c([H])c([H])c([H])c32)O[C@]([H])(C([H])([H])[H])C([H])([H])[C@@]([H])(C([H])([H])[H])O4)c([H])c1[H]
119,CCOP(=O)(OCC)c1ccc2ccccc2c1Br,COc1ccc(B(O)O)c2ccccc12,C1COCCO1,O=P([O-])([O-])[O-].[K+].[K+].[K+],Pd,C[C@@H]1C[C@@H](C)Oc2cccc(P(c3ccccc3)c3ccccc3)c2-c2c(cccc2N(C)C)O1,40,P,0.55,0.91,0.770322366,doi.org/10.1002/adsc.201200095,,[H]c1c([H])c([H])c(P2(c3c([H])c([H])c([H])c([H])c3[H])->[Pd](c3c(P(=O)(OC([H])([H])C([H])([H])[H])OC([H])([H])C([H])([H])[H])c([H])c([H])c4c([H])c([H])c([H])c([H])c34)(c3c([H])c([H])c(OC([H])([H])[H])c4c([H])c([H])c([H])c([H])c34)<-N(C([H])([H])[H])(C([H])([H])[H])c3c([H])c([H])c([H])c4c3-c3c(c([H])c([H])c([H])c32)O[C@]([H])(C([H])([H])[H])C([H])([H])[C@@]([H])(C([H])([H])[H])O4)c([H])c1[H]
120,CCOP(=O)(OCC)c1ccc2ccccc2c1Br,COc1ccc(B(O)O)c2ccccc12,COC,O=P([O-])([O-])[O-].[K+].[K+].[K+],Pd,C[C@@H]1C[C@@H](C)Oc2cccc(P(c3ccccc3)c3ccccc3)c2-c2c(cccc2N(C)C)O1,40,P,0.5,0.89,0.684274895,doi.org/10.1002/adsc.201200095,,[H]c1c([H])c([H])c(P2(c3c([H])c([H])c([H])c([H])c3[H])->[Pd](c3c(P(=O)(OC([H])([H])C([H])([H])[H])OC([H])([H])C([H])([H])[H])c([H])c([H])c4c([H])c([H])c([H])c([H])c34)(c3c([H])c([H])c(OC([H])([H])[H])c4c([H])c([H])c([H])c([H])c34)<-N(C([H])([H])[H])(C([H])([H])[H])c3c([H])c([H])c([H])c4c3-c3c(c([H])c([H])c([H])c32)O[C@]([H])(C([H])([H])[H])C([H])([H])[C@@]([H])(C([H])([H])[H])O4)c([H])c1[H]
121,CCOP(=O)(OCC)c1ccc2ccccc2c1Br,COc1ccc(B(O)O)c2ccccc12,Cc1ccccc1,O=P([O-])([O-])[O-].[K+].[K+].[K+],Pd,C[C@@H]1C[C@@H](C)Oc2cccc(P(c3ccccc3)c3ccccc3)c2-c2c(cccc2N(C)C)O1,25,P,0.79,0.97,1.270758528,doi.org/10.1002/adsc.201200095,,[H]c1c([H])c([H])c(P2(c3c([H])c([H])c([H])c([H])c3[H])->[Pd](c3c(P(=O)(OC([H])([H])C([H])([H])[H])OC([H])([H])C([H])([H])[H])c([H])c([H])c4c([H])c([H])c([H])c([H])c34)(c3c([H])c([H])c(OC([H])([H])[H])c4c([H])c([H])c([H])c([H])c34)<-N(C([H])([H])[H])(C([H])([H])[H])c3c([H])c([H])c([H])c4c3-c3c(c([H])c([H])c([H])c32)O[C@]([H])(C([H])([H])[H])C([H])([H])[C@@]([H])(C([H])([H])[H])O4)c([H])c1[H]
122,CCOP(=O)(OCC)c1ccc2ccccc2c1Br,COc1ccc(B(O)O)c2ccccc12,C1CCOC1,O=P([O-])([O-])[O-].[K+].[K+].[K+],Pd,C[C@@H]1C[C@@H](C)Oc2cccc(P(c3ccccc3)c3ccccc3)c2-c2c(cccc2N(C)C)O1,25,P,0.81,0.95,1.336699079,doi.org/10.1002/adsc.201200095,,[H]c1c([H])c([H])c(P2(c3c([H])c([H])c([H])c([H])c3[H])->[Pd](c3c(P(=O)(OC([H])([H])C([H])([H])[H])OC([H])([H])C([H])([H])[H])c([H])c([H])c4c([H])c([H])c([H])c([H])c34)(c3c([H])c([H])c(OC([H])([H])[H])c4c([H])c([H])c([H])c([H])c34)<-N(C([H])([H])[H])(C([H])([H])[H])c3c([H])c([H])c([H])c4c3-c3c(c([H])c([H])c([H])c32)O[C@]([H])(C([H])([H])[H])C([H])([H])[C@@]([H])(C([H])([H])[H])O4)c([H])c1[H]
123,CCOP(=O)(OCC)c1ccc2ccccc2c1Br,COc1ccc(B(O)O)c2ccccc12,C1CCOC1,O=P([O-])([O-])[O-].[K+].[K+].[K+],Pd,C[C@@H]1C[C@@H](C)Oc2cccc(P(C3CCCCC3)C3CCCCC3)c2-c2c(cccc2N(C)C)O1,25,P,0.66,0.98,0.940306973,doi.org/10.1002/adsc.201200095,,[H]c1c([H])c2c3c(c1[H])N(C([H])([H])[H])(C([H])([H])[H])->[Pd](c1c(P(=O)(OC([H])([H])C([H])([H])[H])OC([H])([H])C([H])([H])[H])c([H])c([H])c4c([H])c([H])c([H])c([H])c14)(c1c([H])c([H])c(OC([H])([H])[H])c4c([H])c([H])c([H])c([H])c14)<-P(C1([H])C([H])([H])C([H])([H])C([H])([H])C([H])([H])C1([H])[H])(C1([H])C([H])([H])C([H])([H])C([H])([H])C([H])([H])C1([H])[H])c1c([H])c([H])c([H])c(c1-3)O[C@]([H])(C([H])([H])[H])C([H])([H])[C@@]([H])(C([H])([H])[H])O2
124,CCOP(=O)(OCC)c1ccc2ccccc2c1Br,COc1ccc(B(O)O)c2ccccc12,C1CCOC1,O=P([O-])([O-])[O-].[K+].[K+].[K+],Pd,C[C@@H]1C[C@@H](C)Oc2cccc(P(c3ccccc3)c3ccccc3)c2-c2c(cccc2N(C)C)O1,25,P,0.82,0.96,1.372029295,doi.org/10.1002/adsc.201200095,,[H]c1c([H])c([H])c(P2(c3c([H])c([H])c([H])c([H])c3[H])->[Pd](c3c(P(=O)(OC([H])([H])C([H])([H])[H])OC([H])([H])C([H])([H])[H])c([H])c([H])c4c([H])c([H])c([H])c([H])c34)(c3c([H])c([H])c(OC([H])([H])[H])c4c([H])c([H])c([H])c([H])c34)<-N(C([H])([H])[H])(C([H])([H])[H])c3c([H])c([H])c([H])c4c3-c3c(c([H])c([H])c([H])c32)O[C@]([H])(C([H])([H])[H])C([H])([H])[C@@]([H])(C([H])([H])[H])O4)c([H])c1[H]
125,CCOP(=O)(OCC)c1ccc2ccccc2c1Br,COc1ccc(B(O)O)c2ccccc12,Cc1ccccc1,O=P([O-])([O-])[O-].[K+].[K+].[K+],Pd,CN(C)c1ccc2ccccc2c1-c1c(P(C2CCCCC2)C2CCCCC2)ccc2ccccc12,40,P,0.71,0.97,1.105171773,doi.org/10.1002/adsc.201200095,,[H]c1c([H])c([H])c2c3c(c([H])c([H])c2c1[H])N(C([H])([H])[H])(C([H])([H])[H])->[Pd](c1c(P(=O)(OC([H])([H])C([H])([H])[H])OC([H])([H])C([H])([H])[H])c([H])c([H])c2c([H])c([H])c([H])c([H])c12)(c1c([H])c([H])c(OC([H])([H])[H])c2c([H])c([H])c([H])c([H])c12)<-P(C1([H])C([H])([H])C([H])([H])C([H])([H])C([H])([H])C1([H])[H])(C1([H])C([H])([H])C([H])([H])C([H])([H])C([H])([H])C1([H])[H])c1c([H])c([H])c2c([H])c([H])c([H])c([H])c2c1-3
128,CCOP(=O)(OCC)c1ccc2ccccc2c1Br,O=Cc1ccccc1B(O)O,Cc1ccccc1,O=P([O-])([O-])[O-].[K+].[K+].[K+],Pd,COc1ccc2ccccc2c1-c1c(P(C2CCCCC2)C2CCCCC2)ccc2ccccc12,50,P,0.96,0.93,2.501443382,doi.org/10.1021/ol402666p,,[H]C(=O)c1c([H])c([H])c([H])c([H])c1[Pd]1(c2c(P(=O)(OC([H])([H])C([H])([H])[H])OC([H])([H])C([H])([H])[H])c([H])c([H])c3c([H])c([H])c([H])c([H])c23)<-O(C([H])([H])[H])c2c([H])c([H])c3c([H])c([H])c([H])c([H])c3c2-c2c(c([H])c([H])c3c([H])c([H])c([H])c([H])c23)P->1(C1([H])C([H])([H])C([H])([H])C([H])([H])C([H])([H])C1([H])[H])C1([H])C([H])([H])C([H])([H])C([H])([H])C([H])([H])C1([H])[H]
129,CCOP(=O)(OCC)c1ccc2ccccc2c1Br,O=Cc1ccccc1B(O)O,Cc1ccccc1,O=P([O-])([O-])[O-].[K+].[K+].[K+],Pd,CC(C)Oc1ccc2ccccc2c1-c1c(P(C2CCCCC2)C2CCCCC2)ccc2ccccc12,50,P,0.93,0.9,2.131839819,doi.org/10.1021/ol402666p,,[H]C(=O)c1c([H])c([H])c([H])c([H])c1[Pd]1(c2c(P(=O)(OC([H])([H])C([H])([H])[H])OC([H])([H])C([H])([H])[H])c([H])c([H])c3c([H])c([H])c([H])c([H])c23)<-O(C([H])(C([H])([H])[H])C([H])([H])[H])c2c([H])c([H])c3c([H])c([H])c([H])c([H])c3c2-c2c(c([H])c([H])c3c([H])c([H])c([H])c([H])c23)P->1(C1([H])C([H])([H])C([H])([H])C([H])([H])C([H])([H])C1([H])[H])C1([H])C([H])([H])C([H])([H])C([H])([H])C([H])([H])C1([H])[H]
130,CCOP(=O)(OCC)c1ccc2ccccc2c1Br,O=Cc1ccccc1B(O)O,Cc1ccccc1,O=P([O-])([O-])[O-].[K+].[K+].[K+],Pd,c1ccc(COc2ccc3ccccc3c2-c2c(P(C3CCCCC3)C3CCCCC3)ccc3ccccc23)cc1,50,P,0.95,0.65,2.354731548,doi.org/10.1021/ol402666p,,[H]C(=O)c1c([H])c([H])c([H])c([H])c1[Pd]1(c2c(P(=O)(OC([H])([H])C([H])([H])[H])OC([H])([H])C([H])([H])[H])c([H])c([H])c3c([H])c([H])c([H])c([H])c23)<-O(C([H])([H])c2c([H])c([H])c([H])c([H])c2[H])c2c([H])c([H])c3c([H])c([H])c([H])c([H])c3c2-c2c(c([H])c([H])c3c([H])c([H])c([H])c([H])c23)P->1(C1([H])C([H])([H])C([H])([H])C([H])([H])C([H])([H])C1([H])[H])C1([H])C([H])([H])C([H])([H])C([H])([H])C([H])([H])C1([H])[H]
131,CCOP(=O)(OCC)c1ccc2ccccc2c1Br,O=Cc1ccccc1B(O)O,Cc1ccccc1,O=P([O-])([O-])[O-].[K+].[K+].[K+],Pd,COc1ccc2ccccc2c1-c1c(P(c2ccccc2)c2ccccc2)ccc2ccccc12,50,P,0.78,0.7,1.343810885,doi.org/10.1021/ol402666p,,[H]C(=O)c1c([H])c([H])c([H])c([H])c1[Pd]1(c2c(P(=O)(OC([H])([H])C([H])([H])[H])OC([H])([H])C([H])([H])[H])c([H])c([H])c3c([H])c([H])c([H])c([H])c23)<-O(C([H])([H])[H])c2c([H])c([H])c3c([H])c([H])c([H])c([H])c3c2-c2c(c([H])c([H])c3c([H])c([H])c([H])c([H])c23)P->1(c1c([H])c([H])c([H])c([H])c1[H])c1c([H])c([H])c([H])c([H])c1[H]
132,CCOP(=O)(OCC)c1ccc2ccccc2c1Br,O=Cc1ccccc1B(O)O,Cc1ccccc1,O=P([O-])([O-])[O-].[K+].[K+].[K+],Pd,COc1ccc2ccccc2c1-c1c(P(c2ccc(C)cc2)c2ccc(C)cc2)ccc2ccccc12,50,P,0.81,0.49,1.448781846,doi.org/10.1021/ol402666p,,[H]C(=O)c1c([H])c([H])c([H])c([H])c1[Pd]1(c2c(P(=O)(OC([H])([H])C([H])([H])[H])OC([H])([H])C([H])([H])[H])c([H])c([H])c3c([H])c([H])c([H])c([H])c23)<-O(C([H])([H])[H])c2c([H])c([H])c3c([H])c([H])c([H])c([H])c3c2-c2c(c([H])c([H])c3c([H])c([H])c([H])c([H])c23)P->1(c1c([H])c([H])c(C([H])([H])[H])c([H])c1[H])c1c([H])c([H])c(C([H])([H])[H])c([H])c1[H]
133,CCOP(=O)(OCC)c1ccc2ccccc2c1Br,O=Cc1ccccc1B(O)O,Cc1ccccc1,O=P([O-])([O-])[O-].[K+].[K+].[K+],Pd,COc1ccc2ccccc2c1-c1c(P(c2cc(C)cc(C)c2)c2cc(C)cc(C)c2)ccc2ccccc12,50,P,0.68,0.3,1.065815822,doi.org/10.1021/ol402666p,,[H]C(=O)c1c([H])c([H])c([H])c([H])c1[Pd]1(c2c(P(=O)(OC([H])([H])C([H])([H])[H])OC([H])([H])C([H])([H])[H])c([H])c([H])c3c([H])c([H])c([H])c([H])c23)<-O(C([H])([H])[H])c2c([H])c([H])c3c([H])c([H])c([H])c([H])c3c2-c2c(c([H])c([H])c3c([H])c([H])c([H])c([H])c23)P->1(c1c([H])c(C([H])([H])[H])c([H])c(C([H])([H])[H])c1[H])c1c([H])c(C([H])([H])[H])c([H])c(C([H])([H])[H])c1[H]
135,CCOP(=O)(OCC)c1ccc2ccccc2c1Br,O=Cc1ccccc1B(O)O,Cc1ccccc1,O=P([O-])([O-])[O-].[K+].[K+].[K+],Pd,COc1ccc2ccccc2c1-c1c(P(C2CCCCC2)C2CCCCC2)ccc2ccccc12,80,P,0.94,0.97,2.441659204,doi.org/10.1021/ol402666p,from SI,[H]C(=O)c1c([H])c([H])c([H])c([H])c1[Pd]1(c2c(P(=O)(OC([H])([H])C([H])([H])[H])OC([H])([H])C([H])([H])[H])c([H])c([H])c3c([H])c([H])c([H])c([H])c23)<-O(C([H])([H])[H])c2c([H])c([H])c3c([H])c([H])c([H])c([H])c3c2-c2c(c([H])c([H])c3c([H])c([H])c([H])c([H])c23)P->1(C1([H])C([H])([H])C([H])([H])C([H])([H])C([H])([H])C1([H])[H])C1([H])C([H])([H])C([H])([H])C([H])([H])C([H])([H])C1([H])[H]
136,CCOP(=O)(OCC)c1ccc2ccccc2c1Br,O=Cc1ccccc1B(O)O,C1CCOC1,O=P([O-])([O-])[O-].[K+].[K+].[K+],Pd,COc1ccc2ccccc2c1-c1c(P(C2CCCCC2)C2CCCCC2)ccc2ccccc12,50,P,0.95,0.75,2.354731548,doi.org/10.1021/ol402666p,from SI,[H]C(=O)c1c([H])c([H])c([H])c([H])c1[Pd]1(c2c(P(=O)(OC([H])([H])C([H])([H])[H])OC([H])([H])C([H])([H])[H])c([H])c([H])c3c([H])c([H])c([H])c([H])c23)<-O(C([H])([H])[H])c2c([H])c([H])c3c([H])c([H])c([H])c([H])c3c2-c2c(c([H])c([H])c3c([H])c([H])c([H])c([H])c23)P->1(C1([H])C([H])([H])C([H])([H])C([H])([H])C([H])([H])C1([H])[H])C1([H])C([H])([H])C([H])([H])C([H])([H])C([H])([H])C1([H])[H]
137,CCOP(=O)(OCC)c1ccc2ccccc2c1Br,O=Cc1ccccc1B(O)O,C1COCCO1,O=P([O-])([O-])[O-].[K+].[K+].[K+],Pd,COc1ccc2ccccc2c1-c1c(P(C2CCCCC2)C2CCCCC2)ccc2ccccc12,50,P,0.95,0.83,2.354731548,doi.org/10.1021/ol402666p,from SI,[H]C(=O)c1c([H])c([H])c([H])c([H])c1[Pd]1(c2c(P(=O)(OC([H])([H])C([H])([H])[H])OC([H])([H])C([H])([H])[H])c([H])c([H])c3c([H])c([H])c([H])c([H])c23)<-O(C([H])([H])[H])c2c([H])c([H])c3c([H])c([H])c([H])c([H])c3c2-c2c(c([H])c([H])c3c([H])c([H])c([H])c([H])c23)P->1(C1([H])C([H])([H])C([H])([H])C([H])([H])C([H])([H])C1([H])[H])C1([H])C([H])([H])C([H])([H])C([H])([H])C([H])([H])C1([H])[H]
138,CCOP(=O)(OCC)c1ccc2ccccc2c1Br,O=Cc1ccccc1B(O)O,Cc1ccccc1,O=P([O-])([O-])[O-].[K+].[K+].[K+],Pd,COc1ccc2ccccc2c1-c1c(P(C2CCCCC2)C2CCCCC2)ccc2ccccc12,50,P,0.93,0.08,2.131839819,doi.org/10.1021/ol402666p,from SI,[H]C(=O)c1c([H])c([H])c([H])c([H])c1[Pd]1(c2c(P(=O)(OC([H])([H])C([H])([H])[H])OC([H])([H])C([H])([H])[H])c([H])c([H])c3c([H])c([H])c([H])c([H])c23)<-O(C([H])([H])[H])c2c([H])c([H])c3c([H])c([H])c([H])c([H])c3c2-c2c(c([H])c([H])c3c([H])c([H])c([H])c([H])c23)P->1(C1([H])C([H])([H])C([H])([H])C([H])([H])C([H])([H])C1([H])[H])C1([H])C([H])([H])C([H])([H])C([H])([H])C([H])([H])C1([H])[H]
139,CCOP(=O)(OCC)c1ccc2ccccc2c1Br,O=Cc1ccccc1B(O)O,Cc1ccccc1,O=P([O-])([O-])[O-].[K+].[K+].[K+],Pd,COc1ccc2ccccc2c1-c1c(P(C2CCCCC2)C2CCCCC2)ccc2ccccc12,50,P,0.95,0.77,2.354731548,doi.org/10.1021/ol402666p,from SI,[H]C(=O)c1c([H])c([H])c([H])c([H])c1[Pd]1(c2c(P(=O)(OC([H])([H])C([H])([H])[H])OC([H])([H])C([H])([H])[H])c([H])c([H])c3c([H])c([H])c([H])c([H])c23)<-O(C([H])([H])[H])c2c([H])c([H])c3c([H])c([H])c([H])c([H])c3c2-c2c(c([H])c([H])c3c([H])c([H])c([H])c([H])c23)P->1(C1([H])C([H])([H])C([H])([H])C([H])([H])C([H])([H])C1([H])[H])C1([H])C([H])([H])C([H])([H])C([H])([H])C([H])([H])C1([H])[H]
140,CCOP(=O)(OCC)c1ccc2ccccc2c1Br,O=Cc1ccccc1B(O)O,Cc1ccccc1,O=P([O-])([O-])[O-].[K+].[K+].[K+],Pd,COc1ccc2ccccc2c1-c1c(P(C2CCCCC2)C2CCCCC2)ccc2ccccc12,50,P,0.94,0.85,2.234240894,doi.org/10.1021/ol402666p,from SI,[H]C(=O)c1c([H])c([H])c([H])c([H])c1[Pd]1(c2c(P(=O)(OC([H])([H])C([H])([H])[H])OC([H])([H])C([H])([H])[H])c([H])c([H])c3c([H])c([H])c([H])c([H])c23)<-O(C([H])([H])[H])c2c([H])c([H])c3c([H])c([H])c([H])c([H])c3c2-c2c(c([H])c([H])c3c([H])c([H])c([H])c([H])c23)P->1(C1([H])C([H])([H])C([H])([H])C([H])([H])C([H])([H])C1([H])[H])C1([H])C([H])([H])C([H])([H])C([H])([H])C([H])([H])C1([H])[H]
141,CCOP(=O)(OCC)c1ccc2ccccc2c1Br,O=Cc1ccccc1B(O)O,Cc1ccccc1,O=P([O-])([O-])[O-].[Na+].[Na+].[Na+],Pd,COc1ccc2ccccc2c1-c1c(P(C2CCCCC2)C2CCCCC2)ccc2ccccc12,50,P,0.96,0.86,2.501443382,doi.org/10.1021/ol402666p,from SI,[H]C(=O)c1c([H])c([H])c([H])c([H])c1[Pd]1(c2c(P(=O)(OC([H])([H])C([H])([H])[H])OC([H])([H])C([H])([H])[H])c([H])c([H])c3c([H])c([H])c([H])c([H])c23)<-O(C([H])([H])[H])c2c([H])c([H])c3c([H])c([H])c([H])c([H])c3c2-c2c(c([H])c([H])c3c([H])c([H])c([H])c([H])c23)P->1(C1([H])C([H])([H])C([H])([H])C([H])([H])C([H])([H])C1([H])[H])C1([H])C([H])([H])C([H])([H])C([H])([H])C([H])([H])C1([H])[H]
142,CCOP(=O)(OCC)c1ccc2ccccc2c1Br,O=Cc1ccccc1B(O)O,Cc1ccccc1,[Cs+].[F-],Pd,COc1ccc2ccccc2c1-c1c(P(C2CCCCC2)C2CCCCC2)ccc2ccccc12,50,P,0.93,0.7,2.131839819,doi.org/10.1021/ol402666p,from SI,[H]C(=O)c1c([H])c([H])c([H])c([H])c1[Pd]1(c2c(P(=O)(OC([H])([H])C([H])([H])[H])OC([H])([H])C([H])([H])[H])c([H])c([H])c3c([H])c([H])c([H])c([H])c23)<-O(C([H])([H])[H])c2c([H])c([H])c3c([H])c([H])c([H])c([H])c3c2-c2c(c([H])c([H])c3c([H])c([H])c([H])c([H])c23)P->1(C1([H])C([H])([H])C([H])([H])C([H])([H])C([H])([H])C1([H])[H])C1([H])C([H])([H])C([H])([H])C([H])([H])C([H])([H])C1([H])[H]
143,CCOP(=O)(OCC)c1ccc2ccccc2c1Br,O=Cc1ccccc1B(O)O,Cc1ccccc1,[F-].[K+],Pd,COc1ccc2ccccc2c1-c1c(P(C2CCCCC2)C2CCCCC2)ccc2ccccc12,50,P,0.96,0.89,2.501443382,doi.org/10.1021/ol402666p,from SI,[H]C(=O)c1c([H])c([H])c([H])c([H])c1[Pd]1(c2c(P(=O)(OC([H])([H])C([H])([H])[H])OC([H])([H])C([H])([H])[H])c([H])c([H])c3c([H])c([H])c([H])c([H])c23)<-O(C([H])([H])[H])c2c([H])c([H])c3c([H])c([H])c([H])c([H])c3c2-c2c(c([H])c([H])c3c([H])c([H])c([H])c([H])c23)P->1(C1([H])C([H])([H])C([H])([H])C([H])([H])C([H])([H])C1([H])[H])C1([H])C([H])([H])C([H])([H])C([H])([H])C([H])([H])C1([H])[H]
144,CCOP(=O)(OCC)c1ccc2ccccc2c1Br,O=Cc1ccccc1B(O)O,Cc1ccccc1,O=C([O-])[O-].[K+].[K+],Pd,COc1ccc2ccccc2c1-c1c(P(C2CCCCC2)C2CCCCC2)ccc2ccccc12,50,P,0.95,0.93,2.354731548,doi.org/10.1021/ol402666p,from SI,[H]C(=O)c1c([H])c([H])c([H])c([H])c1[Pd]1(c2c(P(=O)(OC([H])([H])C([H])([H])[H])OC([H])([H])C([H])([H])[H])c([H])c([H])c3c([H])c([H])c([H])c([H])c23)<-O(C([H])([H])[H])c2c([H])c([H])c3c([H])c([H])c([H])c([H])c3c2-c2c(c([H])c([H])c3c([H])c([H])c([H])c([H])c23)P->1(C1([H])C([H])([H])C([H])([H])C([H])([H])C([H])([H])C1([H])[H])C1([H])C([H])([H])C([H])([H])C([H])([H])C([H])([H])C1([H])[H]
146,CCOP(=O)(OCC)c1ccc2ccccc2c1Br,O=Cc1ccccc1B(O)O,Cc1ccccc1,CC(C)(C)[O-].[K+],Pd,COc1ccc2ccccc2c1-c1c(P(C2CCCCC2)C2CCCCC2)ccc2ccccc12,50,P,0.36,0.3,0.484482155,doi.org/10.1021/ol402666p,from SI,[H]C(=O)c1c([H])c([H])c([H])c([H])c1[Pd]1(c2c(P(=O)(OC([H])([H])C([H])([H])[H])OC([H])([H])C([H])([H])[H])c([H])c([H])c3c([H])c([H])c([H])c([H])c23)<-O(C([H])([H])[H])c2c([H])c([H])c3c([H])c([H])c([H])c([H])c3c2-c2c(c([H])c([H])c3c([H])c([H])c([H])c([H])c23)P->1(C1([H])C([H])([H])C([H])([H])C([H])([H])C([H])([H])C1([H])[H])C1([H])C([H])([H])C([H])([H])C([H])([H])C([H])([H])C1([H])[H]
157,COc1ccc2ccccc2c1I,OB(O)c1cccc2ccccc12,ClCCCl,O=C([O-])[O-].[K+].[K+],Pd,c1ccc(-c2cccc(C3=N[C@@H](c4ccccc4)[C@@H](c4ccccc4)O3)n2)cc1,80,"N,N,C",0.48,0.78,0.734702601,doi.org/10.1021/om400945d,,[H]c1c([H])c([H])c(-c2c([H])c([H])c([H])c3n2->[Pd](c2c([H])c([H])c([H])c4c([H])c([H])c([H])c([H])c24)(c2c(OC([H])([H])[H])c([H])c([H])c4c([H])c([H])c([H])c([H])c24)<-N2=C3O[C@]([H])(c3c([H])c([H])c([H])c([H])c3[H])[C@]2([H])c2c([H])c([H])c([H])c([H])c2[H])c([H])c1[H]
158,COc1ccc2ccccc2c1I,OB(O)c1cccc2ccccc12,ClCCCl,O=C([O-])[O-].[K+].[K+],Pd,c1ccc([C@H]2COC(c3cccc(-c4cccc5ccccc45)n3)=N2)cc1,80,"N,N,C",0.44,0.72,0.663402736,doi.org/10.1021/om400945d,,[H]c1c([H])c([H])c([C@]2([H])N3->[Pd](c4c([H])c([H])c([H])c5c([H])c([H])c([H])c([H])c45)(c4c(OC([H])([H])[H])c([H])c([H])c5c([H])c([H])c([H])c([H])c45)<-n4c(c([H])c([H])c([H])c4-c4c([H])c([H])c([H])c5c([H])c([H])c([H])c([H])c45)C=3OC2([H])[H])c([H])c1[H]
159,CC(C)(C)C(=O)Oc1ccc2ccccc2c1Br,OB(O)c1cccc2ccccc12,Cc1ccccc1.O,O=P([O-])([O-])[O-].[K+].[K+].[K+],Pd,COc1cccc(OC)c1-c1cccc2c1[P@](C(C)(C)C)[C@H](C)O2,25,P,0.72,0.97,1.076501302,doi.org/10.1021/ja409669r,,[H]c1c([H])c2c3c(c1[H])-c1c(OC([H])([H])[H])c([H])c([H])c([H])c1O(C([H])([H])[H])->[Pd](c1c([H])c([H])c([H])c4c([H])c([H])c([H])c([H])c14)(c1c(OC(=O)C(C([H])([H])[H])(C([H])([H])[H])C([H])([H])[H])c([H])c([H])c4c([H])c([H])c([H])c([H])c14)<-[P@@]3(C(C([H])([H])[H])(C([H])([H])[H])C([H])([H])[H])[C@]([H])(C([H])([H])[H])O2
160,O=C(Oc1ccc2ccccc2c1Br)c1ccccc1,OB(O)c1cccc2ccccc12,Cc1ccccc1.O,O=P([O-])([O-])[O-].[K+].[K+].[K+],Pd,COc1cccc(OC)c1-c1cccc2c1[P@](C(C)(C)C)[C@H](C)O2,25,P,0.76,0.95,1.181548791,doi.org/10.1021/ja409669r,,[H]c1c([H])c([H])c(C(=O)Oc2c([H])c([H])c3c([H])c([H])c([H])c([H])c3c2[Pd]2(c3c([H])c([H])c([H])c4c([H])c([H])c([H])c([H])c34)<-O(C([H])([H])[H])c3c([H])c([H])c([H])c(OC([H])([H])[H])c3-c3c([H])c([H])c([H])c4c3[P@]->2(C(C([H])([H])[H])(C([H])([H])[H])C([H])([H])[H])[C@]([H])(C([H])([H])[H])O4)c([H])c1[H]
161,O=C(Oc1ccc2ccccc2c1Br)c1cccc2ccccc12,OB(O)c1cccc2ccccc12,Cc1ccccc1.O,O=P([O-])([O-])[O-].[K+].[K+].[K+],Pd,COc1cccc(OC)c1-c1cccc2c1[P@](C(C)(C)C)[C@H](C)O2,25,P,0.76,0.96,1.181548791,doi.org/10.1021/ja409669r,,[H]c1c([H])c2c3c(c1[H])-c1c(OC([H])([H])[H])c([H])c([H])c([H])c1O(C([H])([H])[H])->[Pd](c1c([H])c([H])c([H])c4c([H])c([H])c([H])c([H])c14)(c1c(OC(=O)c4c([H])c([H])c([H])c5c([H])c([H])c([H])c([H])c45)c([H])c([H])c4c([H])c([H])c([H])c([H])c14)<-[P@@]3(C(C([H])([H])[H])(C([H])([H])[H])C([H])([H])[H])[C@]([H])(C([H])([H])[H])O2
162,O=C1OCCN1C(=O)Oc1ccc2ccccc2c1Br,OB(O)c1cccc2ccccc12,Cc1ccccc1.O,O=P([O-])([O-])[O-].[K+].[K+].[K+],Pd,COc1cccc(OC)c1-c1cccc2c1[P@](C(C)(C)C)[C@H](C)O2,25,P,0.65,0.9,0.919533608,doi.org/10.1021/ja409669r,,[H]c1c([H])c2c3c(c1[H])-c1c(OC([H])([H])[H])c([H])c([H])c([H])c1O(C([H])([H])[H])->[Pd](c1c([H])c([H])c([H])c4c([H])c([H])c([H])c([H])c14)(c1c(OC(=O)N4C(=O)OC([H])([H])C4([H])[H])c([H])c([H])c4c([H])c([H])c([H])c([H])c14)<-[P@@]3(C(C([H])([H])[H])(C([H])([H])[H])C([H])([H])[H])[C@]([H])(C([H])([H])[H])O2
163,O=P(Oc1ccc2ccccc2c1Br)(c1ccccc1)c1ccccc1,OB(O)c1cccc2ccccc12,Cc1ccccc1.O,O=P([O-])([O-])[O-].[K+].[K+].[K+],Pd,COc1cccc(OC)c1-c1cccc2c1[P@](C(C)(C)C)[C@H](C)O2,25,P,0.72,0.97,1.076501302,doi.org/10.1021/ja409669r,,[H]c1c([H])c([H])c(P(=O)(Oc2c([H])c([H])c3c([H])c([H])c([H])c([H])c3c2[Pd]2(c3c([H])c([H])c([H])c4c([H])c([H])c([H])c([H])c34)<-O(C([H])([H])[H])c3c([H])c([H])c([H])c(OC([H])([H])[H])c3-c3c([H])c([H])c([H])c4c3[P@]->2(C(C([H])([H])[H])(C([H])([H])[H])C([H])([H])[H])[C@]([H])(C([H])([H])[H])O4)c2c([H])c([H])c([H])c([H])c2[H])c([H])c1[H]
172,COc1ccc2ccccc2c1Br,OB(O)c1cccc2ccccc12,Cc1ccccc1,O=C([O-])[O-].[Cs+].[Cs+],Pd,C(=N/N1[C@H](c2ccccc2)CC[C@H]1c1ccccc1)\c1ccccn1,80,"N,N",0.7,0.65,1.218407476,doi.org/10.1016/j.tet.2015.12.053,,[H]/C1=N(\N2[C@]([H])(c3c([H])c([H])c([H])c([H])c3[H])C([H])([H])C([H])([H])[C@@]2([H])c2c([H])c([H])c([H])c([H])c2[H])->[Pd](c2c([H])c([H])c([H])c3c([H])c([H])c([H])c([H])c23)(c2c(OC([H])([H])[H])c([H])c([H])c3c([H])c([H])c([H])c([H])c23)<-n2c([H])c([H])c([H])c([H])c21
175,COc1ccc2ccccc2c1Br,OB(O)c1cccc2ccccc12,Cc1ccccc1,O=C([O-])[O-].[Cs+].[Cs+],Pd,COc1ccnc(/C=N/N2[C@H](c3ccccc3)CC[C@H]2c2ccccc2)c1,80,"N,N",0.68,0.36,1.164762053,doi.org/10.1016/j.tet.2015.12.053,,[H]C1=N(N2[C@]([H])(c3c([H])c([H])c([H])c([H])c3[H])C([H])([H])C([H])([H])[C@@]2([H])c2c([H])c([H])c([H])c([H])c2[H])->[Pd](c2c([H])c([H])c([H])c3c([H])c([H])c([H])c([H])c23)(c2c(OC([H])([H])[H])c([H])c([H])c3c([H])c([H])c([H])c([H])c23)<-n2c([H])c([H])c(OC([H])([H])[H])c([H])c21
176,COc1ccc2ccccc2c1Br,OB(O)c1cccc2ccccc12,Cc1ccccc1,O=C([O-])[O-].[Cs+].[Cs+],Pd,CN(C)c1ccnc(/C=N/N2[C@H](c3ccccc3)CC[C@H]2c2ccccc2)c1,80,"N,N",0.64,0.35,1.06510319,doi.org/10.1016/j.tet.2015.12.053,,[H]C1=N(N2[C@]([H])(c3c([H])c([H])c([H])c([H])c3[H])C([H])([H])C([H])([H])[C@@]2([H])c2c([H])c([H])c([H])c([H])c2[H])->[Pd](c2c([H])c([H])c([H])c3c([H])c([H])c([H])c([H])c23)(c2c(OC([H])([H])[H])c([H])c([H])c3c([H])c([H])c([H])c([H])c23)<-n2c([H])c([H])c(N(C([H])([H])[H])C([H])([H])[H])c([H])c21
177,COc1ccc2ccccc2c1Br,OB(O)c1cccc2ccccc12,Cc1ccccc1,O=C([O-])[O-].[Cs+].[Cs+],Pd,Clc1ccnc(/C=N/N2[C@H](c3ccccc3)CC[C@H]2c2ccccc2)c1,80,"N,N",0.68,0.55,1.164762053,doi.org/10.1016/j.tet.2015.12.053,,[H]C1=N(N2[C@]([H])(c3c([H])c([H])c([H])c([H])c3[H])C([H])([H])C([H])([H])[C@@]2([H])c2c([H])c([H])c([H])c([H])c2[H])->[Pd](c2c([H])c([H])c([H])c3c([H])c([H])c([H])c([H])c23)(c2c(OC([H])([H])[H])c([H])c([H])c3c([H])c([H])c([H])c([H])c23)<-n2c([H])c([H])c(Cl)c([H])c21
178,COc1ccc2ccccc2c1Br,OB(O)c1cccc2ccccc12,Cc1ccccc1,O=C([O-])[O-].[Cs+].[Cs+],Pd,COC(=O)c1ccc(/C=N/N2[C@H](c3ccccc3)CC[C@H]2c2ccccc2)nc1,80,"N,N",0.68,0.5,1.164762053,doi.org/10.1016/j.tet.2015.12.053,,[H]/C1=N(\N2[C@]([H])(c3c([H])c([H])c([H])c([H])c3[H])C([H])([H])C([H])([H])[C@@]2([H])c2c([H])c([H])c([H])c([H])c2[H])->[Pd](c2c([H])c([H])c([H])c3c([H])c([H])c([H])c([H])c23)(c2c(OC([H])([H])[H])c([H])c([H])c3c([H])c([H])c([H])c([H])c23)<-n2c([H])c(C(=O)OC([H])([H])[H])c([H])c([H])c21
179,COc1ccc2ccccc2c1Br,OB(O)c1cccc2ccccc12,Cc1ccccc1,O=C([O-])[O-].[Cs+].[Cs+],Pd,Cc1cccc(/C=N/N2[C@H](c3ccccc3)CC[C@H]2c2ccccc2)n1,80,"N,N",0.6,0.6,0.973752096,doi.org/10.1016/j.tet.2015.12.053,,[H]/C1=N(\N2[C@]([H])(c3c([H])c([H])c([H])c([H])c3[H])C([H])([H])C([H])([H])[C@@]2([H])c2c([H])c([H])c([H])c([H])c2[H])->[Pd](c2c([H])c([H])c([H])c3c([H])c([H])c([H])c([H])c23)(c2c(OC([H])([H])[H])c([H])c([H])c3c([H])c([H])c([H])c([H])c23)<-n2c1c([H])c([H])c([H])c2C([H])([H])[H]
180,COc1ccc2ccccc2c1Br,OB(O)c1cccc2ccccc12,Cc1ccccc1,O=C([O-])[O-].[Cs+].[Cs+],Pd,C(=N/N1[C@H](c2ccccc2)CC[C@H]1c1ccccc1)\c1cccc(-c2ccccc2)n1,80,"N,N",0.18,0.5,0.255654253,doi.org/10.1016/j.tet.2015.12.053,,[H]/C1=N(\N2[C@]([H])(c3c([H])c([H])c([H])c([H])c3[H])C([H])([H])C([H])([H])[C@@]2([H])c2c([H])c([H])c([H])c([H])c2[H])->[Pd](c2c([H])c([H])c([H])c3c([H])c([H])c([H])c([H])c23)(c2c(OC([H])([H])[H])c([H])c([H])c3c([H])c([H])c([H])c([H])c23)<-n2c1c([H])c([H])c([H])c2-c1c([H])c([H])c([H])c([H])c1[H]
181,COc1ccc2ccccc2c1Br,OB(O)c1cccc2ccccc12,Cc1ccccc1,O=C([O-])[O-].[Cs+].[Cs+],Pd,COc1ccc(-c2cccc(/C=N/N3[C@H](c4ccccc4)CC[C@H]3c3ccccc3)n2)cc1,80,"N,N",0.36,0.95,0.529459611,doi.org/10.1016/j.tet.2015.12.053,,[H]/C1=N(\N2[C@]([H])(c3c([H])c([H])c([H])c([H])c3[H])C([H])([H])C([H])([H])[C@@]2([H])c2c([H])c([H])c([H])c([H])c2[H])->[Pd](c2c([H])c([H])c([H])c3c([H])c([H])c([H])c([H])c23)(c2c(OC([H])([H])[H])c([H])c([H])c3c([H])c([H])c([H])c([H])c23)<-n2c1c([H])c([H])c([H])c2-c1c([H])c([H])c(OC([H])([H])[H])c([H])c1[H]
182,COc1ccc2ccccc2c1Br,OB(O)c1cccc2ccccc12,Cc1ccccc1,O=C([O-])[O-].[Cs+].[Cs+],Pd,Fc1ccc(-c2cccc(/C=N/N3[C@H](c4ccccc4)CC[C@H]3c3ccccc3)n2)cc1,80,"N,N",0.36,0.62,0.529459611,doi.org/10.1016/j.tet.2015.12.053,,[H]/C1=N(\N2[C@]([H])(c3c([H])c([H])c([H])c([H])c3[H])C([H])([H])C([H])([H])[C@@]2([H])c2c([H])c([H])c([H])c([H])c2[H])->[Pd](c2c([H])c([H])c([H])c3c([H])c([H])c([H])c([H])c23)(c2c(OC([H])([H])[H])c([H])c([H])c3c([H])c([H])c([H])c([H])c23)<-n2c1c([H])c([H])c([H])c2-c1c([H])c([H])c(F)c([H])c1[H]
183,COc1ccc2ccccc2c1Br,OB(O)c1cccc2ccccc12,Cc1ccccc1,O=C([O-])[O-].[Cs+].[Cs+],Pd,Cc1cccc(C)c1-c1cccc(/C=N/N2[C@H](c3ccccc3)CC[C@H]2c2ccccc2)n1,80,"N,N",0.16,0.95,0.22672044,doi.org/10.1016/j.tet.2015.12.053,,[H]/C1=N(\N2[C@]([H])(c3c([H])c([H])c([H])c([H])c3[H])C([H])([H])C([H])([H])[C@@]2([H])c2c([H])c([H])c([H])c([H])c2[H])->[Pd](c2c([H])c([H])c([H])c3c([H])c([H])c([H])c([H])c23)(c2c(OC([H])([H])[H])c([H])c([H])c3c([H])c([H])c([H])c([H])c23)<-n2c1c([H])c([H])c([H])c2-c1c(C([H])([H])[H])c([H])c([H])c([H])c1C([H])([H])[H]
184,COc1ccc2ccccc2c1Br,OB(O)c1cccc2ccccc12,Cc1ccccc1,O=C([O-])[O-].[Cs+].[Cs+],Pd,Cc1ccc(-c2cccc(/C=N/N3[C@H](c4ccccc4)CC[C@H]3c3ccccc3)n2)cc1,80,"N,N",0.22,0.65,0.314198212,doi.org/10.1016/j.tet.2015.12.053,,[H]/C1=N(\N2[C@]([H])(c3c([H])c([H])c([H])c([H])c3[H])C([H])([H])C([H])([H])[C@@]2([H])c2c([H])c([H])c([H])c([H])c2[H])->[Pd](c2c([H])c([H])c([H])c3c([H])c([H])c([H])c([H])c23)(c2c(OC([H])([H])[H])c([H])c([H])c3c([H])c([H])c([H])c([H])c23)<-n2c1c([H])c([H])c([H])c2-c1c([H])c([H])c(C([H])([H])[H])c([H])c1[H]
186,COc1ccc2ccccc2c1Br,OB(O)c1cccc2ccccc12,Cc1ccccc1,O=C([O-])[O-].[Cs+].[Cs+],Pd,C(=N/N1[C@H](c2ccccc2)CC[C@H]1c1ccccc1)\c1cccc(-c2ccc3c(c2)OCO3)n1,80,"N,N",0.12,0.82,0.169395523,doi.org/10.1016/j.tet.2015.12.053,,[H]/C1=N(\N2[C@]([H])(c3c([H])c([H])c([H])c([H])c3[H])C([H])([H])C([H])([H])[C@@]2([H])c2c([H])c([H])c([H])c([H])c2[H])->[Pd](c2c([H])c([H])c([H])c3c([H])c([H])c([H])c([H])c23)(c2c(OC([H])([H])[H])c([H])c([H])c3c([H])c([H])c([H])c([H])c23)<-n2c1c([H])c([H])c([H])c2-c1c([H])c([H])c2c(c1[H])OC([H])([H])O2
187,COc1ccc2ccccc2c1Br,OB(O)c1cccc2ccccc12,Cc1ccccc1,O=C([O-])[O-].[Cs+].[Cs+],Pd,C(=N/N1[C@H](c2ccccc2)CC[C@H]1c1ccccc1)\c1ccccn1,80,"N,N",0.68,0.7,1.164762053,doi.org/10.1016/j.tet.2015.12.053,,[H]/C1=N(\N2[C@]([H])(c3c([H])c([H])c([H])c([H])c3[H])C([H])([H])C([H])([H])[C@@]2([H])c2c([H])c([H])c([H])c([H])c2[H])->[Pd](c2c([H])c([H])c([H])c3c([H])c([H])c([H])c([H])c23)(c2c(OC([H])([H])[H])c([H])c([H])c3c([H])c([H])c([H])c([H])c23)<-n2c([H])c([H])c([H])c([H])c21
188,COc1ccc2ccccc2c1Br,OB(O)c1cccc2ccccc12,Cc1ccccc1,O=C([O-])[O-].[Cs+].[Cs+],Pd,COc1ccnc(/C=N/N2[C@H](c3ccccc3)CC[C@H]2c2ccccc2)c1,80,"N,N",0.68,0.6,1.164762053,doi.org/10.1016/j.tet.2015.12.053,,[H]C1=N(N2[C@]([H])(c3c([H])c([H])c([H])c([H])c3[H])C([H])([H])C([H])([H])[C@@]2([H])c2c([H])c([H])c([H])c([H])c2[H])->[Pd](c2c([H])c([H])c([H])c3c([H])c([H])c([H])c([H])c23)(c2c(OC([H])([H])[H])c([H])c([H])c3c([H])c([H])c([H])c([H])c23)<-n2c([H])c([H])c(OC([H])([H])[H])c([H])c21
191,COc1ccc2ccccc2c1Br,OB(O)c1cccc2ccccc12,Cc1ccccc1,O=C([O-])[O-].[Cs+].[Cs+],Pd,C(=N/N1[C@H](c2ccccc2)CC[C@H]1c1ccccc1)\c1ccccn1,80,"N,N",0.9,0.54,2.068214161,doi.org/10.1016/j.tet.2015.12.053,,[H]/C1=N(\N2[C@]([H])(c3c([H])c([H])c([H])c([H])c3[H])C([H])([H])C([H])([H])[C@@]2([H])c2c([H])c([H])c([H])c([H])c2[H])->[Pd](c2c([H])c([H])c([H])c3c([H])c([H])c([H])c([H])c23)(c2c(OC([H])([H])[H])c([H])c([H])c3c([H])c([H])c([H])c([H])c23)<-n2c([H])c([H])c([H])c([H])c21
192,COc1ccc2ccccc2c1Br,OB(O)c1cccc2ccccc12,Cc1ccccc1,CC(C)(C)[O-].[K+],Pd,C(=N/N1[C@H](c2ccccc2)CC[C@H]1c1ccccc1)\c1ccccn1,80,"N,N",0.82,0.16,1.625128779,doi.org/10.1016/j.tet.2015.12.053,,[H]/C1=N(\N2[C@]([H])(c3c([H])c([H])c([H])c([H])c3[H])C([H])([H])C([H])([H])[C@@]2([H])c2c([H])c([H])c([H])c([H])c2[H])->[Pd](c2c([H])c([H])c([H])c3c([H])c([H])c([H])c([H])c23)(c2c(OC([H])([H])[H])c([H])c([H])c3c([H])c([H])c([H])c([H])c23)<-n2c([H])c([H])c([H])c([H])c21
193,COc1ccc2ccccc2c1Br,OB(O)c1cccc2ccccc12,Cc1ccccc1,[Ba+2].[OH-].[OH-],Pd,C(=N/N1[C@H](c2ccccc2)CC[C@H]1c1ccccc1)\c1ccccn1,80,"N,N",0.68,0.4,1.164762053,doi.org/10.1016/j.tet.2015.12.053,,[H]/C1=N(\N2[C@]([H])(c3c([H])c([H])c([H])c([H])c3[H])C([H])([H])C([H])([H])[C@@]2([H])c2c([H])c([H])c([H])c([H])c2[H])->[Pd](c2c([H])c([H])c([H])c3c([H])c([H])c([H])c([H])c23)(c2c(OC([H])([H])[H])c([H])c([H])c3c([H])c([H])c([H])c([H])c23)<-n2c([H])c([H])c([H])c([H])c21
194,COc1ccc2ccccc2c1Br,OB(O)c1cccc2ccccc12,Cc1ccccc1,O=P([O-])([O-])[O-].[K+].[K+].[K+],Pd,C(=N/N1[C@H](c2ccccc2)CC[C@H]1c1ccccc1)\c1ccccn1,80,"N,N",0.8,0.44,1.543360558,doi.org/10.1016/j.tet.2015.12.053,,[H]/C1=N(\N2[C@]([H])(c3c([H])c([H])c([H])c([H])c3[H])C([H])([H])C([H])([H])[C@@]2([H])c2c([H])c([H])c([H])c([H])c2[H])->[Pd](c2c([H])c([H])c([H])c3c([H])c([H])c([H])c([H])c23)(c2c(OC([H])([H])[H])c([H])c([H])c3c([H])c([H])c([H])c([H])c23)<-n2c([H])c([H])c([H])c([H])c21
195,COc1ccc2ccccc2c1Br,OB(O)c1cccc2ccccc12,Cc1ccccc1,[Cs+].[F-],Pd,C(=N/N1[C@H](c2ccccc2)CC[C@H]1c1ccccc1)\c1ccccn1,80,"N,N",0.88,0.71,1.932715991,doi.org/10.1016/j.tet.2015.12.053,,[H]/C1=N(\N2[C@]([H])(c3c([H])c([H])c([H])c([H])c3[H])C([H])([H])C([H])([H])[C@@]2([H])c2c([H])c([H])c([H])c([H])c2[H])->[Pd](c2c([H])c([H])c([H])c3c([H])c([H])c([H])c([H])c23)(c2c(OC([H])([H])[H])c([H])c([H])c3c([H])c([H])c([H])c([H])c23)<-n2c([H])c([H])c([H])c([H])c21
196,COc1ccc2ccccc2c1Br,OB(O)c1cccc2ccccc12,ClCCCl,O=C([O-])[O-].[Cs+].[Cs+],Pd,C(=N/N1[C@H](c2ccccc2)CC[C@H]1c1ccccc1)\c1ccccn1,80,"N,N",0.86,0.26,1.81692593,doi.org/10.1016/j.tet.2015.12.053,,[H]/C1=N(\N2[C@]([H])(c3c([H])c([H])c([H])c([H])c3[H])C([H])([H])C([H])([H])[C@@]2([H])c2c([H])c([H])c([H])c([H])c2[H])->[Pd](c2c([H])c([H])c([H])c3c([H])c([H])c([H])c([H])c23)(c2c(OC([H])([H])[H])c([H])c([H])c3c([H])c([H])c([H])c([H])c23)<-n2c([H])c([H])c([H])c([H])c21
197,COc1ccc2ccccc2c1Br,OB(O)c1cccc2ccccc12,C1COCCO1,O=C([O-])[O-].[Cs+].[Cs+],Pd,C(=N/N1[C@H](c2ccccc2)CC[C@H]1c1ccccc1)\c1ccccn1,80,"N,N",0.82,0.6,1.625128779,doi.org/10.1016/j.tet.2015.12.053,,[H]/C1=N(\N2[C@]([H])(c3c([H])c([H])c([H])c([H])c3[H])C([H])([H])C([H])([H])[C@@]2([H])c2c([H])c([H])c([H])c([H])c2[H])->[Pd](c2c([H])c([H])c([H])c3c([H])c([H])c([H])c([H])c23)(c2c(OC([H])([H])[H])c([H])c([H])c3c([H])c([H])c([H])c([H])c23)<-n2c([H])c([H])c([H])c([H])c21
198,COc1ccc2ccccc2c1Br,OB(O)c1cccc2ccccc12,CO,O=C([O-])[O-].[Cs+].[Cs+],Pd,C(=N/N1[C@H](c2ccccc2)CC[C@H]1c1ccccc1)\c1ccccn1,80,"N,N",0.84,0.32,1.715537921,doi.org/10.1016/j.tet.2015.12.053,,[H]/C1=N(\N2[C@]([H])(c3c([H])c([H])c([H])c([H])c3[H])C([H])([H])C([H])([H])[C@@]2([H])c2c([H])c([H])c([H])c([H])c2[H])->[Pd](c2c([H])c([H])c([H])c3c([H])c([H])c([H])c([H])c23)(c2c(OC([H])([H])[H])c([H])c([H])c3c([H])c([H])c([H])c([H])c23)<-n2c([H])c([H])c([H])c([H])c21
199,COc1ccc2ccccc2c1Br,OB(O)c1cccc2ccccc12,O,O=C([O-])[O-].[Cs+].[Cs+],Pd,C(=N/N1[C@H](c2ccccc2)CC[C@H]1c1ccccc1)\c1ccccn1,80,"N,N",0.5,0.42,0.771680279,doi.org/10.1016/j.tet.2015.12.053,,[H]/C1=N(\N2[C@]([H])(c3c([H])c([H])c([H])c([H])c3[H])C([H])([H])C([H])([H])[C@@]2([H])c2c([H])c([H])c([H])c([H])c2[H])->[Pd](c2c([H])c([H])c([H])c3c([H])c([H])c([H])c([H])c23)(c2c(OC([H])([H])[H])c([H])c([H])c3c([H])c([H])c([H])c([H])c23)<-n2c([H])c([H])c([H])c([H])c21
200,COc1ccc2ccccc2c1Br,OB(O)c1cccc2ccccc12,Cc1ccccc1.O,O=C([O-])[O-].[Cs+].[Cs+],Pd,C(=N/N1[C@H](c2ccccc2)CC[C@H]1c1ccccc1)\c1ccccn1,80,"N,N",0.88,0.99,1.932715991,doi.org/10.1016/j.tet.2015.12.053,,[H]/C1=N(\N2[C@]([H])(c3c([H])c([H])c([H])c([H])c3[H])C([H])([H])C([H])([H])[C@@]2([H])c2c([H])c([H])c([H])c([H])c2[H])->[Pd](c2c([H])c([H])c([H])c3c([H])c([H])c([H])c([H])c23)(c2c(OC([H])([H])[H])c([H])c([H])c3c([H])c([H])c([H])c([H])c23)<-n2c([H])c([H])c([H])c([H])c21
201,COc1ccc2ccccc2c1Br,OB(O)c1cccc2ccccc12,Cc1ccccc1.O,[Cs+].[F-],Pd,C(=N/N1[C@H](c2ccccc2)CC[C@H]1c1ccccc1)\c1ccccn1,80,"N,N",0.86,0.93,1.81692593,doi.org/10.1016/j.tet.2015.12.053,,[H]/C1=N(\N2[C@]([H])(c3c([H])c([H])c([H])c([H])c3[H])C([H])([H])C([H])([H])[C@@]2([H])c2c([H])c([H])c([H])c([H])c2[H])->[Pd](c2c([H])c([H])c([H])c3c([H])c([H])c([H])c([H])c23)(c2c(OC([H])([H])[H])c([H])c([H])c3c([H])c([H])c([H])c([H])c23)<-n2c([H])c([H])c([H])c([H])c21
202,COc1ccc2ccccc2c1Br,OB(O)c1cccc2ccccc12,Cc1ccccc1.O,O=C([O-])[O-].[Cs+].[Cs+],Pd,C(=N/N1[C@@H](c2ccccc2)CC[C@@H]1c1ccccc1)\c1ccccn1,80,"N,N",0.82,0.99,1.625128779,doi.org/10.1016/j.tet.2015.12.053,,[H]/C1=N(\N2[C@@]([H])(c3c([H])c([H])c([H])c([H])c3[H])C([H])([H])C([H])([H])[C@]2([H])c2c([H])c([H])c([H])c([H])c2[H])->[Pd](c2c([H])c([H])c([H])c3c([H])c([H])c([H])c([H])c23)(c2c(OC([H])([H])[H])c([H])c([H])c3c([H])c([H])c([H])c([H])c23)<-n2c([H])c([H])c([H])c([H])c21
203,COc1cc2ccccc2c(Br)c1OC,OB(O)c1cccc2ccccc12,Cc1ccccc1.O,O=C([O-])[O-].[Cs+].[Cs+],Pd,C(=N/N1[C@H](c2ccccc2)CC[C@H]1c1ccccc1)\c1ccccn1,80,"N,N",0.88,0.99,1.932715991,doi.org/10.1016/j.tet.2015.12.053,,[H]/C1=N(\N2[C@]([H])(c3c([H])c([H])c([H])c([H])c3[H])C([H])([H])C([H])([H])[C@@]2([H])c2c([H])c([H])c([H])c([H])c2[H])->[Pd](c2c([H])c([H])c([H])c3c([H])c([H])c([H])c([H])c23)(c2c(OC([H])([H])[H])c(OC([H])([H])[H])c([H])c3c([H])c([H])c([H])c([H])c23)<-n2c([H])c([H])c([H])c([H])c21
204,O=S(=O)(Oc1ccc2ccccc2c1Br)C(F)(F)F,OB(O)c1cccc2ccccc12,Cc1ccccc1.O,O=C([O-])[O-].[K+].[K+],Pd,COc1cccc(OC)c1-c1cccc2c1[P@](C(C)(C)C)[C@@H](C)O2,35,P,0.87,0.81,1.634112674,doi.org/10.1016/j.tet.2015.12.053,,[H]c1c([H])c2c3c(c1[H])-c1c(OC([H])([H])[H])c([H])c([H])c([H])c1O(C([H])([H])[H])->[Pd](c1c([H])c([H])c4c([H])c([H])c([H])c([H])c4c1Br)(c1c([H])c([H])c([H])c4c([H])c([H])c([H])c([H])c14)<-[P@@]3(C(C([H])([H])[H])(C([H])([H])[H])C([H])([H])[H])[C@@]([H])(C([H])([H])[H])O2
205,O=S(=O)(Oc1ccc2ccccc2c1Br)C(F)(F)F,OB(O)c1cccc2ccccc12,Cc1ccccc1.O,O=C([O-])[O-].[Cs+].[Cs+],Pd,COc1cccc(OC)c1-c1cccc2c1[P@](C(C)(C)C)[C@@H](C)O2,35,P,0.87,0.85,1.634112674,doi.org/10.1016/j.tet.2015.12.053,,[H]c1c([H])c2c3c(c1[H])-c1c(OC([H])([H])[H])c([H])c([H])c([H])c1O(C([H])([H])[H])->[Pd](c1c([H])c([H])c4c([H])c([H])c([H])c([H])c4c1Br)(c1c([H])c([H])c([H])c4c([H])c([H])c([H])c([H])c14)<-[P@@]3(C(C([H])([H])[H])(C([H])([H])[H])C([H])([H])[H])[C@@]([H])(C([H])([H])[H])O2
206,O=S(=O)(Oc1ccc2ccccc2c1Br)C(F)(F)F,OB(O)c1cccc2ccccc12,Cc1ccccc1.O,O=P([O-])([O-])[O-].[K+].[K+].[K+],Pd,COc1cccc(OC)c1-c1cccc2c1[P@](C(C)(C)C)[C@@H](C)O2,35,P,0.88,0.92,1.686440415,doi.org/10.1016/j.tet.2015.12.053,,[H]c1c([H])c2c3c(c1[H])-c1c(OC([H])([H])[H])c([H])c([H])c([H])c1O(C([H])([H])[H])->[Pd](c1c([H])c([H])c4c([H])c([H])c([H])c([H])c4c1Br)(c1c([H])c([H])c([H])c4c([H])c([H])c([H])c([H])c14)<-[P@@]3(C(C([H])([H])[H])(C([H])([H])[H])C([H])([H])[H])[C@@]([H])(C([H])([H])[H])O2
207,O=S(=O)(Oc1ccc2ccccc2c1Br)C(F)(F)F,OB(O)c1cccc2ccccc12,Fc1c(F)c(F)c(F)c(F)c1F,O=P([O-])([O-])[O-].[K+].[K+].[K+],Pd,COc1cccc(OC)c1-c1cccc2c1[P@](C(C)(C)C)[C@@H](C)O2,35,P,0.88,0.1,1.686440415,doi.org/10.1016/j.tet.2015.12.053,,[H]c1c([H])c2c3c(c1[H])-c1c(OC([H])([H])[H])c([H])c([H])c([H])c1O(C([H])([H])[H])->[Pd](c1c([H])c([H])c4c([H])c([H])c([H])c([H])c4c1Br)(c1c([H])c([H])c([H])c4c([H])c([H])c([H])c([H])c14)<-[P@@]3(C(C([H])([H])[H])(C([H])([H])[H])C([H])([H])[H])[C@@]([H])(C([H])([H])[H])O2
209,O=S(=O)(Oc1ccc2ccccc2c1Br)C(F)(F)F,OB(O)c1cccc2ccccc12,Cc1ccccc1,O=P([O-])([O-])[O-].[K+].[K+].[K+],Pd,COc1cccc(OC)c1-c1cccc2c1[P@](C(C)(C)C)[C@@H](C)O2,35,P,0.88,0.98,1.686440415,doi.org/10.1016/j.tet.2015.12.053,,[H]c1c([H])c2c3c(c1[H])-c1c(OC([H])([H])[H])c([H])c([H])c([H])c1O(C([H])([H])[H])->[Pd](c1c([H])c([H])c4c([H])c([H])c([H])c([H])c4c1Br)(c1c([H])c([H])c([H])c4c([H])c([H])c([H])c([H])c14)<-[P@@]3(C(C([H])([H])[H])(C([H])([H])[H])C([H])([H])[H])[C@@]([H])(C([H])([H])[H])O2
210,O=S(=O)(Oc1ccc2ccccc2c1Br)C(F)(F)F,OB(O)c1cccc2ccccc12,Cc1ccccc1,O=P([O-])([O-])[O-].[K+].[K+].[K+],Pd,COc1cccc(OC)c1-c1cccc2c1[P@](C(C)(C)C)[C@@H]([Si](C)(C)C)O2,35,P,0.89,0.92,1.743021974,doi.org/10.1016/j.tet.2015.12.053,,[H]c1c([H])c2c3c(c1[H])-c1c(OC([H])([H])[H])c([H])c([H])c([H])c1O(C([H])([H])[H])->[Pd](c1c([H])c([H])c4c([H])c([H])c([H])c([H])c4c1Br)(c1c([H])c([H])c([H])c4c([H])c([H])c([H])c([H])c14)<-[P@@]3(C(C([H])([H])[H])(C([H])([H])[H])C([H])([H])[H])[C@@]([H])([Si](C([H])([H])[H])(C([H])([H])[H])C([H])([H])[H])O2
211,O=S(=O)(Oc1ccc2ccccc2c1Br)C(F)(F)F,OB(O)c1cccc2ccccc12,Cc1ccccc1,O=P([O-])([O-])[O-].[K+].[K+].[K+],Pd,COc1cccc(OC)c1-c1cccc2c1[P@](C(C)(C)C)[C@@H](C(C)C)O2,35,P,0.88,0.96,1.686440415,doi.org/10.1016/j.tet.2015.12.053,,[H]c1c([H])c2c3c(c1[H])-c1c(OC([H])([H])[H])c([H])c([H])c([H])c1O(C([H])([H])[H])->[Pd](c1c([H])c([H])c4c([H])c([H])c([H])c([H])c4c1Br)(c1c([H])c([H])c([H])c4c([H])c([H])c([H])c([H])c14)<-[P@@]3(C(C([H])([H])[H])(C([H])([H])[H])C([H])([H])[H])[C@@]([H])(C([H])(C([H])([H])[H])C([H])([H])[H])O2
212,O=S(=O)(Oc1ccc2ccccc2c1Br)C(F)(F)F,OB(O)c1cccc2ccccc12,Cc1ccccc1,O=P([O-])([O-])[O-].[K+].[K+].[K+],Pd,COc1cccc(OC)c1-c1cccc2c1[P@](C(C)(C)C)[C@@H](C)O2,30,P,0.91,0.98,1.842084168,doi.org/10.1016/j.tet.2015.12.053,,[H]c1c([H])c2c3c(c1[H])-c1c(OC([H])([H])[H])c([H])c([H])c([H])c1O(C([H])([H])[H])->[Pd](c1c([H])c([H])c4c([H])c([H])c([H])c([H])c4c1Br)(c1c([H])c([H])c([H])c4c([H])c([H])c([H])c([H])c14)<-[P@@]3(C(C([H])([H])[H])(C([H])([H])[H])C([H])([H])[H])[C@@]([H])(C([H])([H])[H])O2
213,O=S(=O)(Oc1ccc2ccccc2c1Br)C(F)(F)F,OB(O)c1cccc2ccccc12,Cc1ccccc1,O=P([O-])([O-])[O-].[K+].[K+].[K+],Pd,COc1cccc(OC)c1-c1cccc2c1[P@](C(C)(C)C)[C@@H](C)O2,25,P,0.9,0.92,1.746108034,doi.org/10.1016/j.tet.2015.12.053,,[H]c1c([H])c2c3c(c1[H])-c1c(OC([H])([H])[H])c([H])c([H])c([H])c1O(C([H])([H])[H])->[Pd](c1c([H])c([H])c4c([H])c([H])c([H])c([H])c4c1Br)(c1c([H])c([H])c([H])c4c([H])c([H])c([H])c([H])c14)<-[P@@]3(C(C([H])([H])[H])(C([H])([H])[H])C([H])([H])[H])[C@@]([H])(C([H])([H])[H])O2
214,COc1ccc2ccccc2c1Br,OB(O)c1cccc2ccccc12,CCO,O=C([O-])[O-].[K+].[K+],Pd,Cc1cc(C(C)c2ccccc2)c(N2[C]N(c3c(C(C)c4ccccc4)cc(C)cc3[C@@H](C)c3ccccc3)C3=C2c2cccc4cccc3c24)c(C(C)c2ccccc2)c1,30,C,0.44,0.99,0.569476255,doi.org/10.1021/jacs.9b08578,from SI,[H]c1c([H])c([H])c(C([H])(c2c([H])c(C([H])([H])[H])c([H])c(C([H])(c3c([H])c([H])c([H])c([H])c3[H])C([H])([H])[H])c2N2C3=C(c4c([H])c([H])c([H])c5c([H])c([H])c([H])c3c45)N(c3c(C([H])(c4c([H])c([H])c([H])c([H])c4[H])C([H])([H])[H])c([H])c(C([H])([H])[H])c([H])c3[C@]([H])(c3c([H])c([H])c([H])c([H])c3[H])C([H])([H])[H])[C]2->[Pd](c2c([H])c([H])c([H])c3c([H])c([H])c([H])c([H])c23)c2c(OC([H])([H])[H])c([H])c([H])c3c([H])c([H])c([H])c([H])c23)C([H])([H])[H])c([H])c1[H]
217,COc1ccc2ccccc2c1Br,OB(O)c1cccc2ccccc12,CCO,O=C([O-])[O-].[K+].[K+],Pd,Cc1cc(C(C)c2ccccc2)c(N2[C]N(c3c(C(C)c4ccccc4)cc(C)cc3[C@@H](C)c3ccccc3)CC2)c(C(C)c2ccccc2)c1,30,C,0.54,0.98,0.728568037,doi.org/10.1021/jacs.9b08578,from SI,[H]c1c([H])c([H])c(C([H])(c2c([H])c(C([H])([H])[H])c([H])c(C([H])(c3c([H])c([H])c([H])c([H])c3[H])C([H])([H])[H])c2N2[C](->[Pd](c3c([H])c([H])c([H])c4c([H])c([H])c([H])c([H])c34)c3c(OC([H])([H])[H])c([H])c([H])c4c([H])c([H])c([H])c([H])c34)N(c3c(C([H])(c4c([H])c([H])c([H])c([H])c4[H])C([H])([H])[H])c([H])c(C([H])([H])[H])c([H])c3[C@]([H])(c3c([H])c([H])c([H])c([H])c3[H])C([H])([H])[H])C([H])([H])C2([H])[H])C([H])([H])[H])c([H])c1[H]
220,COc1ccc2ccccc2c1Br,OB(O)c1cccc2ccccc12,CCO,O=C([O-])[O-].[K+].[K+],Pd,Cc1cc(C(C)c2ccccc2)c(N2[C]N(c3c(C(C)c4ccccc4)cc(C)cc3[C@@H](C)c3ccccc3)C=C2)c(C(C)c2ccccc2)c1,30,C,0.4,0.99,0.510890022,doi.org/10.1021/jacs.9b08578,from SI,[H]C1=C([H])N(c2c(C([H])(c3c([H])c([H])c([H])c([H])c3[H])C([H])([H])[H])c([H])c(C([H])([H])[H])c([H])c2[C@]([H])(c2c([H])c([H])c([H])c([H])c2[H])C([H])([H])[H])[C](->[Pd](c2c([H])c([H])c([H])c3c([H])c([H])c([H])c([H])c23)c2c(OC([H])([H])[H])c([H])c([H])c3c([H])c([H])c([H])c([H])c23)N1c1c(C([H])(c2c([H])c([H])c([H])c([H])c2[H])C([H])([H])[H])c([H])c(C([H])([H])[H])c([H])c1C([H])(c1c([H])c([H])c([H])c([H])c1[H])C([H])([H])[H]
253,Cc1ccc2ccccc2c1I,Cc1ccc2ccccc2c1B1OC(C)(C)C(C)(C)O1,COCCOC,[Cs+].[F-],Pd,c1ccc(P(c2ccccc2)c2ccc3ccccc3c2-c2c(P(c3ccccc3)c3ccccc3)ccc3ccccc23)cc1,50,P,0.1,0.17,0.128979846,doi.org/10.1016/j.tet.2003.11.095,,[H]c1c([H])c([H])c(P2(c3c([H])c([H])c([H])c([H])c3[H])->[Pd](c3c(C([H])([H])[H])c([H])c([H])c4c([H])c([H])c([H])c([H])c34)(c3c(C([H])([H])[H])c([H])c([H])c4c([H])c([H])c([H])c([H])c34)<-P(c3c([H])c([H])c([H])c([H])c3[H])(c3c([H])c([H])c([H])c([H])c3[H])c3c([H])c([H])c4c([H])c([H])c([H])c([H])c4c3-c3c2c([H])c([H])c2c([H])c([H])c([H])c([H])c32)c([H])c1[H]
254,Cc1ccc2ccccc2c1I,Cc1ccc2ccccc2c1B1OCCO1,COCCOC,[Cs+].[F-],Pd,c1ccc(P(c2ccccc2)c2ccc3ccccc3c2-c2c(P(c3ccccc3)c3ccccc3)ccc3ccccc23)cc1,50,P,0.14,0.21,0.181158082,doi.org/10.1016/j.tet.2003.11.095,,[H]c1c([H])c([H])c(P2(c3c([H])c([H])c([H])c([H])c3[H])->[Pd](c3c(C([H])([H])[H])c([H])c([H])c4c([H])c([H])c([H])c([H])c34)(c3c(C([H])([H])[H])c([H])c([H])c4c([H])c([H])c([H])c([H])c34)<-P(c3c([H])c([H])c([H])c([H])c3[H])(c3c([H])c([H])c([H])c([H])c3[H])c3c([H])c([H])c4c([H])c([H])c([H])c([H])c4c3-c3c2c([H])c([H])c2c([H])c([H])c([H])c([H])c32)c([H])c1[H]
260,Ic1cccc2ccccc12,Cc1ccc2ccccc2c1B(O)O,CCO.Cc1ccccc1.O,[Ba+2].[OH-].[OH-],Pd,c1ccc(P(c2ccccc2)c2ccc3ccccc3c2-c2c(P(c3ccccc3)c3ccccc3)ccc3ccccc23)cc1,50,P,0.08,0.47,0.103059245,doi.org/10.1016/j.tet.2003.11.095,,[H]c1c([H])c([H])c(P2(c3c([H])c([H])c([H])c([H])c3[H])->[Pd](c3c([H])c([H])c([H])c4c([H])c([H])c([H])c([H])c34)(c3c(C([H])([H])[H])c([H])c([H])c4c([H])c([H])c([H])c([H])c34)<-P(c3c([H])c([H])c([H])c([H])c3[H])(c3c([H])c([H])c([H])c([H])c3[H])c3c([H])c([H])c4c([H])c([H])c([H])c([H])c4c3-c3c2c([H])c([H])c2c([H])c([H])c([H])c([H])c32)c([H])c1[H]
261,Ic1cccc2ccccc12,Cc1ccc2ccccc2c1B(O)O,COCCOC,[Cs+].[F-],Pd,c1ccc(P(c2ccccc2)c2ccc3ccccc3c2-c2c(P(c3ccccc3)c3ccccc3)ccc3ccccc23)cc1,50,"N,N",0.21,0.43,0.274029124,doi.org/10.1016/j.tet.2003.11.095,,[H]c1c([H])c([H])c(P2(c3c([H])c([H])c([H])c([H])c3[H])->[Pd](c3c([H])c([H])c([H])c4c([H])c([H])c([H])c([H])c34)(c3c(C([H])([H])[H])c([H])c([H])c4c([H])c([H])c([H])c([H])c34)<-P(c3c([H])c([H])c([H])c([H])c3[H])(c3c([H])c([H])c([H])c([H])c3[H])c3c([H])c([H])c4c([H])c([H])c([H])c([H])c4c3-c3c2c([H])c([H])c2c([H])c([H])c([H])c([H])c32)c([H])c1[H]
262,Ic1cccc2ccccc12,Cc1ccc2ccccc2c1B(O)O,COCCOC.O,[Ba+2].[OH-].[OH-],Pd,c1ccc(P(c2ccccc2)c2ccc3ccccc3c2-c2c(P(c3ccccc3)c3ccccc3)ccc3ccccc23)cc1,50,P,0.25,0.55,0.328330005,doi.org/10.1016/j.tet.2003.11.095,,[H]c1c([H])c([H])c(P2(c3c([H])c([H])c([H])c([H])c3[H])->[Pd](c3c([H])c([H])c([H])c4c([H])c([H])c([H])c([H])c34)(c3c(C([H])([H])[H])c([H])c([H])c4c([H])c([H])c([H])c([H])c34)<-P(c3c([H])c([H])c([H])c([H])c3[H])(c3c([H])c([H])c([H])c([H])c3[H])c3c([H])c([H])c4c([H])c([H])c([H])c([H])c4c3-c3c2c([H])c([H])c2c([H])c([H])c([H])c([H])c32)c([H])c1[H]
275,CC(C)(NC(=O)c1ccncc1Br)c1ccccc1,Cc1ccc2ccccc2c1B(O)O,COC,O=P([O-])([O-])[O-].[K+].[K+].[K+],Pd,COc1cccc2c1-c1c(cccc1P(c1ccccc1)c1ccccc1)O[C@@H](C)[C@H](C)O2,80,P,0.87,0.96,1.872746684,doi.org/10.1039/C8OB03048K,,[H]c1nc([H])c([Pd]2(c3c(C([H])([H])[H])c([H])c([H])c4c([H])c([H])c([H])c([H])c34)<-O(C([H])([H])[H])c3c([H])c([H])c([H])c4c3-c3c(c([H])c([H])c([H])c3P->2(c2c([H])c([H])c([H])c([H])c2[H])c2c([H])c([H])c([H])c([H])c2[H])O[C@@]([H])(C([H])([H])[H])[C@]([H])(C([H])([H])[H])O4)c(C(=O)N([H])C(c2c([H])c([H])c([H])c([H])c2[H])(C([H])([H])[H])C([H])([H])[H])c1[H]
277,CC(C)(NC(=O)c1ccncc1Br)c1ccccc1,Cc1ccc2ccccc2c1B(O)O,COC,O=P([O-])([O-])[O-].[K+].[K+].[K+],Pd,COc1cccc2c1-c1c(cccc1P(c1ccc(C)cc1)c1ccc(C)cc1)O[C@@H](C)[C@H](C)O2,80,P,0.8,0.53,1.543360558,doi.org/10.1039/C8OB03048K,,[H]c1nc([H])c([Pd]2(c3c(C([H])([H])[H])c([H])c([H])c4c([H])c([H])c([H])c([H])c34)<-O(C([H])([H])[H])c3c([H])c([H])c([H])c4c3-c3c(c([H])c([H])c([H])c3P->2(c2c([H])c([H])c(C([H])([H])[H])c([H])c2[H])c2c([H])c([H])c(C([H])([H])[H])c([H])c2[H])O[C@@]([H])(C([H])([H])[H])[C@]([H])(C([H])([H])[H])O4)c(C(=O)N([H])C(c2c([H])c([H])c([H])c([H])c2[H])(C([H])([H])[H])C([H])([H])[H])c1[H]
278,CC(C)(NC(=O)c1ccncc1Br)c1ccccc1,Cc1ccc2ccccc2c1B(O)O,COC,O=P([O-])([O-])[O-].[K+].[K+].[K+],Pd,COc1cccc2c1-c1c(cccc1P(c1cc(C)cc(C)c1)c1cc(C)cc(C)c1)O[C@@H](C)[C@H](C)O2,80,P,0.78,0.58,1.468565107,doi.org/10.1039/C8OB03048K,,[H]c1nc([H])c([Pd]2(c3c(C([H])([H])[H])c([H])c([H])c4c([H])c([H])c([H])c([H])c34)<-O(C([H])([H])[H])c3c([H])c([H])c([H])c4c3-c3c(c([H])c([H])c([H])c3P->2(c2c([H])c(C([H])([H])[H])c([H])c(C([H])([H])[H])c2[H])c2c([H])c(C([H])([H])[H])c([H])c(C([H])([H])[H])c2[H])O[C@@]([H])(C([H])([H])[H])[C@]([H])(C([H])([H])[H])O4)c(C(=O)N([H])C(c2c([H])c([H])c([H])c([H])c2[H])(C([H])([H])[H])C([H])([H])[H])c1[H]
280,CC(C)(NC(=O)c1ccncc1Br)c1ccccc1,Cc1ccc2ccccc2c1B(O)O,COC,O=P([O-])([O-])[O-].[K+].[K+].[K+],Pd,CCOc1cccc2c1-c1c(cccc1P(c1ccccc1)c1ccccc1)O[C@@H](C)[C@H](C)O2,80,P,0.73,0.95,1.304701575,doi.org/10.1039/C8OB03048K,,[H]c1nc([H])c([Pd]2(c3c(C([H])([H])[H])c([H])c([H])c4c([H])c([H])c([H])c([H])c34)<-O(C([H])([H])C([H])([H])[H])c3c([H])c([H])c([H])c4c3-c3c(c([H])c([H])c([H])c3P->2(c2c([H])c([H])c([H])c([H])c2[H])c2c([H])c([H])c([H])c([H])c2[H])O[C@@]([H])(C([H])([H])[H])[C@]([H])(C([H])([H])[H])O4)c(C(=O)N([H])C(c2c([H])c([H])c([H])c([H])c2[H])(C([H])([H])[H])C([H])([H])[H])c1[H]
281,CC(C)(NC(=O)c1ccncc1Br)c1ccccc1,Cc1ccc2ccccc2c1B(O)O,COC,O=P([O-])([O-])[O-].[K+].[K+].[K+],Pd,CC(C)Oc1cccc2c1-c1c(cccc1P(c1ccccc1)c1ccccc1)O[C@@H](C)[C@H](C)O2,80,P,0.51,0.45,0.790538154,doi.org/10.1039/C8OB03048K,,[H]c1nc([H])c([Pd]2(c3c(C([H])([H])[H])c([H])c([H])c4c([H])c([H])c([H])c([H])c34)<-O(C([H])(C([H])([H])[H])C([H])([H])[H])c3c([H])c([H])c([H])c4c3-c3c(c([H])c([H])c([H])c3P->2(c2c([H])c([H])c([H])c([H])c2[H])c2c([H])c([H])c([H])c([H])c2[H])O[C@@]([H])(C([H])([H])[H])[C@]([H])(C([H])([H])[H])O4)c(C(=O)N([H])C(c2c([H])c([H])c([H])c([H])c2[H])(C([H])([H])[H])C([H])([H])[H])c1[H]
282,CC(C)(NC(=O)c1ccncc1Br)c1ccccc1,Cc1ccc2ccccc2c1B(O)O,COC,O=P([O-])([O-])[O-].[K+].[K+].[K+],Pd,C[C@@H]1Oc2cccc(OCc3ccccc3)c2-c2c(cccc2P(c2ccccc2)c2ccccc2)O[C@H]1C,80,P,0.71,0.85,1.246340129,doi.org/10.1039/C8OB03048K,,[H]c1nc([H])c([Pd]2(c3c(C([H])([H])[H])c([H])c([H])c4c([H])c([H])c([H])c([H])c34)<-O(C([H])([H])c3c([H])c([H])c([H])c([H])c3[H])c3c([H])c([H])c([H])c4c3-c3c(c([H])c([H])c([H])c3P->2(c2c([H])c([H])c([H])c([H])c2[H])c2c([H])c([H])c([H])c([H])c2[H])O[C@@]([H])(C([H])([H])[H])[C@]([H])(C([H])([H])[H])O4)c(C(=O)N([H])C(c2c([H])c([H])c([H])c([H])c2[H])(C([H])([H])[H])C([H])([H])[H])c1[H]
287,CC(C)(NC(=O)c1ccncc1Br)c1ccccc1,Cc1ccc2ccccc2c1B(O)O,COC,O=P([O-])([O-])[O-].[K+].[K+].[K+],Pd,COc1ccc2ccccc2c1-c1c(P(c2ccccc2)c2ccccc2)ccc2ccccc12,80,P,0.35,0.95,0.51338537,doi.org/10.1039/C8OB03048K,,[H]c1nc([H])c([Pd]2(c3c(C([H])([H])[H])c([H])c([H])c4c([H])c([H])c([H])c([H])c34)<-O(C([H])([H])[H])c3c([H])c([H])c4c([H])c([H])c([H])c([H])c4c3-c3c(c([H])c([H])c4c([H])c([H])c([H])c([H])c34)P->2(c2c([H])c([H])c([H])c([H])c2[H])c2c([H])c([H])c([H])c([H])c2[H])c(C(=O)N([H])C(c2c([H])c([H])c([H])c([H])c2[H])(C([H])([H])[H])C([H])([H])[H])c1[H]
288,CC(C)(NC(=O)c1ccncc1Br)c1ccccc1,Cc1ccc2ccccc2c1B(O)O,COC,O=P([O-])([O-])[O-].[K+].[K+].[K+],Pd,COc1ccc2ccccc2c1-c1c(P(C2CCCCC2)C2CCCCC2)ccc2ccccc12,80,P,0.66,0.93,1.11376625,doi.org/10.1039/C8OB03048K,,[H]c1nc([H])c([Pd]2(c3c(C([H])([H])[H])c([H])c([H])c4c([H])c([H])c([H])c([H])c34)<-O(C([H])([H])[H])c3c([H])c([H])c4c([H])c([H])c([H])c([H])c4c3-c3c(c([H])c([H])c4c([H])c([H])c([H])c([H])c34)P->2(C2([H])C([H])([H])C([H])([H])C([H])([H])C([H])([H])C2([H])[H])C2([H])C([H])([H])C([H])([H])C([H])([H])C([H])([H])C2([H])[H])c(C(=O)N([H])C(c2c([H])c([H])c([H])c([H])c2[H])(C([H])([H])[H])C([H])([H])[H])c1[H]
289,CC(C)(NC(=O)c1ccncc1Br)c1ccccc1,Cc1ccc2ccccc2c1B(O)O,COC,O=P([O-])([O-])[O-].[K+].[K+].[K+],Pd,CN(C)c1ccc2ccccc2c1-c1c(P(C2CCCCC2)C2CCCCC2)ccc2ccccc12,80,P,0.7,0.85,1.218407476,doi.org/10.1039/C8OB03048K,,[H]c1nc([H])c([Pd]2(c3c(C([H])([H])[H])c([H])c([H])c4c([H])c([H])c([H])c([H])c34)<-N(C([H])([H])[H])(C([H])([H])[H])c3c([H])c([H])c4c([H])c([H])c([H])c([H])c4c3-c3c(c([H])c([H])c4c([H])c([H])c([H])c([H])c34)P->2(C2([H])C([H])([H])C([H])([H])C([H])([H])C([H])([H])C2([H])[H])C2([H])C([H])([H])C([H])([H])C([H])([H])C([H])([H])C2([H])[H])c(C(=O)N([H])C(c2c([H])c([H])c([H])c([H])c2[H])(C([H])([H])[H])C([H])([H])[H])c1[H]
290,CC(C)(NC(=O)c1ccncc1Br)c1ccccc1,Cc1ccc2ccccc2c1B(O)O,COC,O=P([O-])([O-])[O-].[K+].[K+].[K+],Pd,COc1cccc2c1-c1c(cccc1P(c1ccccc1)c1ccccc1)O[C@@H](C)[C@H](C)O2,80,P,0.87,0.96,1.872746684,doi.org/10.1039/C8OB03048K,,[H]c1nc([H])c([Pd]2(c3c(C([H])([H])[H])c([H])c([H])c4c([H])c([H])c([H])c([H])c34)<-O(C([H])([H])[H])c3c([H])c([H])c([H])c4c3-c3c(c([H])c([H])c([H])c3P->2(c2c([H])c([H])c([H])c([H])c2[H])c2c([H])c([H])c([H])c([H])c2[H])O[C@@]([H])(C([H])([H])[H])[C@]([H])(C([H])([H])[H])O4)c(C(=O)N([H])C(c2c([H])c([H])c([H])c([H])c2[H])(C([H])([H])[H])C([H])([H])[H])c1[H]
291,CC(C)(NC(=O)c1ccncc1Br)c1ccccc1,Cc1ccc2ccccc2c1B(O)O,COC,O=P([O-])([O-])[O-].[K+].[K+].[K+],Pd,COc1cccc2c1-c1c(cccc1P(c1ccccc1)c1ccccc1)O[C@@H](C)[C@H](C)O2,80,P,0.83,0.87,1.669126481,doi.org/10.1039/C8OB03048K,,[H]c1nc([H])c([Pd]2(c3c(C([H])([H])[H])c([H])c([H])c4c([H])c([H])c([H])c([H])c34)<-O(C([H])([H])[H])c3c([H])c([H])c([H])c4c3-c3c(c([H])c([H])c([H])c3P->2(c2c([H])c([H])c([H])c([H])c2[H])c2c([H])c([H])c([H])c([H])c2[H])O[C@@]([H])(C([H])([H])[H])[C@]([H])(C([H])([H])[H])O4)c(C(=O)N([H])C(c2c([H])c([H])c([H])c([H])c2[H])(C([H])([H])[H])C([H])([H])[H])c1[H]
292,CC(C)(NC(=O)c1ccncc1Br)c1ccccc1,Cc1ccc2ccccc2c1B(O)O,COC,O=P([O-])([O-])[O-].[K+].[K+].[K+],Pd,COc1cccc2c1-c1c(cccc1P(c1ccccc1)c1ccccc1)O[C@@H](C)[C@H](C)O2,80,P,0.84,0.9,1.715537921,doi.org/10.1039/C8OB03048K,,[H]c1nc([H])c([Pd]2(c3c(C([H])([H])[H])c([H])c([H])c4c([H])c([H])c([H])c([H])c34)<-O(C([H])([H])[H])c3c([H])c([H])c([H])c4c3-c3c(c([H])c([H])c([H])c3P->2(c2c([H])c([H])c([H])c([H])c2[H])c2c([H])c([H])c([H])c([H])c2[H])O[C@@]([H])(C([H])([H])[H])[C@]([H])(C([H])([H])[H])O4)c(C(=O)N([H])C(c2c([H])c([H])c([H])c([H])c2[H])(C([H])([H])[H])C([H])([H])[H])c1[H]
293,CC(C)(NC(=O)c1ccncc1Br)c1ccccc1,Cc1ccc2ccccc2c1B(O)O,COC,O=C([O-])[O-].[Cs+].[Cs+],Pd,COc1cccc2c1-c1c(cccc1P(c1ccccc1)c1ccccc1)O[C@@H](C)[C@H](C)O2,80,P,0.84,0.18,1.715537921,doi.org/10.1039/C8OB03048K,,[H]c1nc([H])c([Pd]2(c3c(C([H])([H])[H])c([H])c([H])c4c([H])c([H])c([H])c([H])c34)<-O(C([H])([H])[H])c3c([H])c([H])c([H])c4c3-c3c(c([H])c([H])c([H])c3P->2(c2c([H])c([H])c([H])c([H])c2[H])c2c([H])c([H])c([H])c([H])c2[H])O[C@@]([H])(C([H])([H])[H])[C@]([H])(C([H])([H])[H])O4)c(C(=O)N([H])C(c2c([H])c([H])c([H])c([H])c2[H])(C([H])([H])[H])C([H])([H])[H])c1[H]
294,CC(C)(NC(=O)c1ccncc1Br)c1ccccc1,Cc1ccc2ccccc2c1B(O)O,COC,O=C([O-])[O-].[K+].[K+],Pd,COc1cccc2c1-c1c(cccc1P(c1ccccc1)c1ccccc1)O[C@@H](C)[C@H](C)O2,80,P,0.84,0.95,1.715537921,doi.org/10.1039/C8OB03048K,,[H]c1nc([H])c([Pd]2(c3c(C([H])([H])[H])c([H])c([H])c4c([H])c([H])c([H])c([H])c34)<-O(C([H])([H])[H])c3c([H])c([H])c([H])c4c3-c3c(c([H])c([H])c([H])c3P->2(c2c([H])c([H])c([H])c([H])c2[H])c2c([H])c([H])c([H])c([H])c2[H])O[C@@]([H])(C([H])([H])[H])[C@]([H])(C([H])([H])[H])O4)c(C(=O)N([H])C(c2c([H])c([H])c([H])c([H])c2[H])(C([H])([H])[H])C([H])([H])[H])c1[H]
295,CC(C)(NC(=O)c1ccncc1Br)c1ccccc1,Cc1ccc2ccccc2c1B(O)O,COC,[Cs+].[F-],Pd,COc1cccc2c1-c1c(cccc1P(c1ccccc1)c1ccccc1)O[C@@H](C)[C@H](C)O2,80,P,0.82,0.17,1.625128779,doi.org/10.1039/C8OB03048K,,[H]c1nc([H])c([Pd]2(c3c(C([H])([H])[H])c([H])c([H])c4c([H])c([H])c([H])c([H])c34)<-O(C([H])([H])[H])c3c([H])c([H])c([H])c4c3-c3c(c([H])c([H])c([H])c3P->2(c2c([H])c([H])c([H])c([H])c2[H])c2c([H])c([H])c([H])c([H])c2[H])O[C@@]([H])(C([H])([H])[H])[C@]([H])(C([H])([H])[H])O4)c(C(=O)N([H])C(c2c([H])c([H])c([H])c([H])c2[H])(C([H])([H])[H])C([H])([H])[H])c1[H]
296,CC(C)(NC(=O)c1ccncc1Br)c1ccccc1,Cc1ccc2ccccc2c1B(O)O,COC,[F-].[K+],Pd,COc1cccc2c1-c1c(cccc1P(c1ccccc1)c1ccccc1)O[C@@H](C)[C@H](C)O2,80,P,0.83,0.92,1.669126481,doi.org/10.1039/C8OB03048K,,[H]c1nc([H])c([Pd]2(c3c(C([H])([H])[H])c([H])c([H])c4c([H])c([H])c([H])c([H])c34)<-O(C([H])([H])[H])c3c([H])c([H])c([H])c4c3-c3c(c([H])c([H])c([H])c3P->2(c2c([H])c([H])c([H])c([H])c2[H])c2c([H])c([H])c([H])c([H])c2[H])O[C@@]([H])(C([H])([H])[H])[C@]([H])(C([H])([H])[H])O4)c(C(=O)N([H])C(c2c([H])c([H])c([H])c([H])c2[H])(C([H])([H])[H])C([H])([H])[H])c1[H]
298,CC(C)(NC(=O)c1ccncc1Br)c1ccccc1,Cc1ccc2ccccc2c1B(O)O,COC,O=P([O-])([O-])[O-].[K+].[K+].[K+],Pd,COc1cccc2c1-c1c(cccc1P(c1ccccc1)c1ccccc1)O[C@@H](C)[C@H](C)O2,60,P,0.87,0.37,1.766687124,doi.org/10.1039/C8OB03048K,,[H]c1nc([H])c([Pd]2(c3c(C([H])([H])[H])c([H])c([H])c4c([H])c([H])c([H])c([H])c34)<-O(C([H])([H])[H])c3c([H])c([H])c([H])c4c3-c3c(c([H])c([H])c([H])c3P->2(c2c([H])c([H])c([H])c([H])c2[H])c2c([H])c([H])c([H])c([H])c2[H])O[C@@]([H])(C([H])([H])[H])[C@]([H])(C([H])([H])[H])O4)c(C(=O)N([H])C(c2c([H])c([H])c([H])c([H])c2[H])(C([H])([H])[H])C([H])([H])[H])c1[H]
300,CC(C)(NC(=O)c1ccncc1Br)c1ccccc1,Cc1ccc2ccccc2c1B(O)O,C1CCOC1,O=P([O-])([O-])[O-].[K+].[K+].[K+],Pd,COc1cccc2c1-c1c(cccc1P(c1ccccc1)c1ccccc1)O[C@@H](C)[C@H](C)O2,80,P,0.85,0.74,1.764677789,doi.org/10.1039/C8OB03048K,,[H]c1nc([H])c([Pd]2(c3c(C([H])([H])[H])c([H])c([H])c4c([H])c([H])c([H])c([H])c34)<-O(C([H])([H])[H])c3c([H])c([H])c([H])c4c3-c3c(c([H])c([H])c([H])c3P->2(c2c([H])c([H])c([H])c([H])c2[H])c2c([H])c([H])c([H])c([H])c2[H])O[C@@]([H])(C([H])([H])[H])[C@]([H])(C([H])([H])[H])O4)c(C(=O)N([H])C(c2c([H])c([H])c([H])c([H])c2[H])(C([H])([H])[H])C([H])([H])[H])c1[H]
301,CC(C)(NC(=O)c1ccncc1Br)c1ccccc1,Cc1ccc2ccccc2c1B(O)O,Cc1ccccc1,O=P([O-])([O-])[O-].[K+].[K+].[K+],Pd,COc1cccc2c1-c1c(cccc1P(c1ccccc1)c1ccccc1)O[C@@H](C)[C@H](C)O2,80,P,0.75,0.88,1.36683387,doi.org/10.1039/C8OB03048K,,[H]c1nc([H])c([Pd]2(c3c(C([H])([H])[H])c([H])c([H])c4c([H])c([H])c([H])c([H])c34)<-O(C([H])([H])[H])c3c([H])c([H])c([H])c4c3-c3c(c([H])c([H])c([H])c3P->2(c2c([H])c([H])c([H])c([H])c2[H])c2c([H])c([H])c([H])c([H])c2[H])O[C@@]([H])(C([H])([H])[H])[C@]([H])(C([H])([H])[H])O4)c(C(=O)N([H])C(c2c([H])c([H])c([H])c([H])c2[H])(C([H])([H])[H])C([H])([H])[H])c1[H]
302,CC(C)(NC(=O)c1ccncc1Br)c1ccccc1,Cc1ccc2ccccc2c1B(O)O,CC#N,O=P([O-])([O-])[O-].[K+].[K+].[K+],Pd,COc1cccc2c1-c1c(cccc1P(c1ccccc1)c1ccccc1)O[C@@H](C)[C@H](C)O2,80,P,0.79,0.9,1.505176502,doi.org/10.1039/C8OB03048K,,[H]c1nc([H])c([Pd]2(c3c(C([H])([H])[H])c([H])c([H])c4c([H])c([H])c([H])c([H])c34)<-O(C([H])([H])[H])c3c([H])c([H])c([H])c4c3-c3c(c([H])c([H])c([H])c3P->2(c2c([H])c([H])c([H])c([H])c2[H])c2c([H])c([H])c([H])c([H])c2[H])O[C@@]([H])(C([H])([H])[H])[C@]([H])(C([H])([H])[H])O4)c(C(=O)N([H])C(c2c([H])c([H])c([H])c([H])c2[H])(C([H])([H])[H])C([H])([H])[H])c1[H]
